CNES;NOMEUBS;STS;CRS;PERC_ESF;EAB;AREA_KM2;PERIMETRO_KM;POP_2010;DOM_PP_2010;DENS_DEMOG_HAB_P_KM2;DENS_DOMIC
2787806;UBS JARDIM SAO NICOLAU;PENHA;SUDESTE;100;ESF_EXCLUSIVA;1,97426664533;7,64273840301;27457;8573,34477421034;13907,4425761828;3,20260070288949
2786958;UBS COSTA MELO;ERMELINO MATARAZZO;LESTE;100;ESF_EXCLUSIVA;1,6843176649;7,46458514805;24451;7623,50272377267;14516,8577813685;3,20731832675202
2787881;AMA/UBS INTEGRADA JARDIM TIETE I;SAO MATEUS;LESTE;100;ESF_EXCLUSIVA;1,11118031985;5,77895867593;20516;6070,11943035564;18463,2499635788;3,37983465323647
6165516;UBS VILA CAMPESTRE;VILA MARIANA / JABAQUARA;SUDESTE;100;ESF_EXCLUSIVA;1,12872815072;5,26593234544;21876;6742,18123419551;19381,1060582175;3,24464727958478
5120780;UBS JARDIM LOURDES;VILA MARIANA / JABAQUARA;SUDESTE;100;ESF_EXCLUSIVA;1,05208139173;5,38483363505;18188;5505,96573358766;17287,6358644576;3,30332604306798
2786907;AMA/UBS INTEGRADA CIDADE LIDER I;ITAQUERA;LESTE;100;ESF_EXCLUSIVA;2,18960663171;7,45535358119;27681;8074,11639283522;12641,9967856885;3,42836276481764
2027461;UBS PARQUE DA LAPA;LAPA / PINHEIROS;OESTE;100;ESF_EXCLUSIVA;7,32267411611;12,2313238992;41652;14321,7866176619;5688,08598328375;2,90829636776141
2788896;UBS VILA FORMOSA II;MOOCA / ARICANDUVA / FORMOSA / CARRAO;SUDESTE;100;ESF_EXCLUSIVA;1,52479134449;8,10772854816;16621;5474,01258412509;10900,5078367357;3,03634669167582
3708411;AMA/UBS INTEGRADA VILA CLARA;VILA MARIANA / JABAQUARA;SUDESTE;100;ESF_EXCLUSIVA;,713721975724;4,24270761158;20373;5892,38228907538;28544,728469841;3,45751497450734
6332528;UBS VILA ROSCHEL;PARELHEIROS;SUL;100;ESF_EXCLUSIVA;3,87770697231;11,8679654413;6200;1726,91367342301;1598,88306266386;3,59021999502189
2786990;UBS DON LUCIANO BERGAMIM;PARELHEIROS;SUL;100;ESF_EXCLUSIVA;89,7865599077;87,711838167;1211;364,184425097118;13,487542024607;3,32523830385404
2786729;UBS AE CARVALHO;PENHA;SUDESTE;100;ESF_EXCLUSIVA;1,0930350595;5,39893188708;13019;3865,67144981085;11910,8713731062;3,36784958810636
2787229;AMA/UBS INTEGRADA JARDIM CAMPINAS;PARELHEIROS;SUL;100;ESF_EXCLUSIVA;35,2239261915;38,6385393155;16153;4686,20788322388;458,580338607964;3,44692348323385
2786869;UBS CASA VERDE ALTA;CASA VERDE / CACHOEIRINHA;NORTE;100;ESF_EXCLUSIVA;1,09104909849;7,28188102229;18374;5521,46883109732;16840,6719967318;3,3277377020615
2789310;UBS VILA COSMOPOLITA;GUAIANASES;LESTE;100;ESF_EXCLUSIVA;,649235332707;4,81810975585;9808;3046,12801984242;15107,0028168451;3,21982527855391
2787180;UBS JARDIM APURA;SANTO AMARO / CIDADE ADEMAR;SUL;100;ESF_EXCLUSIVA;3,43512541292;11,1540835478;9089;2644,97289080123;2645,9004861409;3,43633011574901
2030969;AMA/UBS INTEGRADA AMERICANËPOLIS;VILA MARIANA / JABAQUARA;SUDESTE;100;ESF_EXCLUSIVA;,921634863059;4,82374342417;24089;7186,06476702132;26137,2491054062;3,35218242264536
6018912;UBS JARDIM EMBURA;PARELHEIROS;SUL;100;ESF_EXCLUSIVA;37,5541878888;42,2745671225;4233;1181,91358061894;112,717122589207;3,58148012630777
6329527;UBS JARDIM DAS PALMAS;CAMPO LIMPO;SUL;100;ESF_EXCLUSIVA;1,00790151254;5,92750219598;17004;5110,24676186924;16870,6959841229;3,32743227330577
2788489;UBS RECANTO VERDE SOL;SAO MATEUS;LESTE;100;ESF_EXCLUSIVA;4,09508216613;12,7057086972;17634;4798,57249774443;4306,14070356121;3,67484288468891
2787369;UBS JARDIM ELIANE;CAPELA DO SOCORRO;SUL;100;ESF_EXCLUSIVA;2,60821539234;10,7459516637;31959;8965,48787226443;12253,2058103252;3,56466936940132
2789299;UBS VARGINHA;CAPELA DO SOCORRO;SUL;100;ESF_EXCLUSIVA;1,64809850999;6,30660519669;19827;5819,0085862886;12030,2274893267;3,40728144768829
3913007;CS ESCOLA BARRA FUNDA - ALEXANDRE VRANJAC;SANTA CECILIA;CENTRO;100;ESF_EXCLUSIVA;6,85563226355;15,0702117174;28793;11324,6950920827;4199,90438417861;2,54249670881909
2787199;UBS JARDIM ARACATI;M BOI MIRIM;SUL;100;ESF_EXCLUSIVA;1,54903759745;6,86490586419;11480;3204,51873815162;7411,05317191667;3,58244121444011
2752298;UBS JARDIM TIETE II;SAO MATEUS;LESTE;100;ESF_EXCLUSIVA;,704046098912;4,67681151929;8665;2615,47996102953;12307,4327283263;3,31296745878687
9986898;UBS ELISA MARIA II;FREGUESIA / BRASILANDIA;NORTE;100;ESF_EXCLUSIVA;,592486114376;3,66772698415;16943;4682,81996613338;28596,4507671951;3,61811902283954
2057891;UBS PARQUE SAO LUCAS;VILA PRUDENTE / SAPOPEMBA;SUDESTE;100;ESF_EXCLUSIVA;1,67753388673;7,16929867455;25887;8651,12712508059;15431,580968216;2,99232685241102
2027321;UBS RECANTO CAMPO BELO;PARELHEIROS;SUL;100;ESF_EXCLUSIVA;5,53113403607;10,9139725478;15504;4446,03718638413;2803,04181726465;3,48715032062273
2787393;UBS JARDIM GERMANIA;CAMPO LIMPO;SUL;100;ESF_EXCLUSIVA;,560610033446;4,443539656;11023;3551,43673532026;19662,5093065905;3,1038142649065
2788632;UBS VILA SANTA MARIA;CASA VERDE / CACHOEIRINHA;NORTE;100;ESF_EXCLUSIVA;1,31484512464;6,9743975174;23615;7148,19905325699;17960,2901949883;3,30362932314261
2788454;AMA/UBS INTEGRADA PARQUE SANTO ANTONIO;M BOI MIRIM;SUL;100;ESF_EXCLUSIVA;1,63381349006;7,89687449972;41183;12352,4823270751;25206,6715390431;3,33398574549926
2787644;UBS JARDIM NAKAMURA;M BOI MIRIM;SUL;100;ESF_EXCLUSIVA;,90921788463;5,29555996244;13618;4104,44294779906;14977,7080171952;3,31786802087295
3049213;UBS CHACARA STA MARIA;M BOI MIRIM;SUL;100;ESF_EXCLUSIVA;2,47119491834;11,8103281857;13484;3772,81749918469;5456,46962120566;3,57398681566599
2787849;UBS JARDIM SILVA TELLES;ITAIM PAULISTA;LESTE;100;ESF_EXCLUSIVA;1,07263036723;5,3840312067;15859;4629,74122086724;14785,1491851334;3,42546143368015
2787903;UBS JARDIM TRES CORAÇ?ES;CAPELA DO SOCORRO;SUL;100;ESF_EXCLUSIVA;1,94832696149;7,50264452108;18650;5234,20984655121;9572,3153087905;3,56309749642314
6998186;UBS VILA NATAL;CAPELA DO SOCORRO;SUL;100;ESF_EXCLUSIVA;1,19360265024;5,89020184256;22338;6189,7858140406;18714,7707786242;3,60884862111539
9129855;UBS SHANGRILA ELLUS;CAPELA DO SOCORRO;SUL;100;ESF_EXCLUSIVA;2,89862940493;7,53535564011;6705;1853,07141771281;2313,16220990379;3,61831710095435
5079454;UBS JARDIM CELESTE;M BOI MIRIM;SUL;100;ESF_EXCLUSIVA;,860105446923;6,59881307197;18165;5736,89083570945;21119,503503884;3,16634925087495
2786753;UBS ANTONIO P F VILLALOBO;PENHA;SUDESTE;100;ESF_EXCLUSIVA;1,16351857154;5,63424854989;19450;5908,42823920282;16716,5359245246;3,29190762967178
2789205;AMA/UBS INTEGRADA VILA PREL- ANTONIO BERNARDES DE OLIVEIRA;CAMPO LIMPO;SUL;100;ESF_EXCLUSIVA;2,20525764468;9,65135810202;28865;9161,6793307297;13089,1735347271;3,15062325999364
5882281;AMA UBS INTEGRADA JARDIM ELISA MARIA;FREGUESIA / BRASILANDIA;NORTE;100;ESF_EXCLUSIVA;,320701773441;4,22481839568;12439;3490,00329399582;38786,8138879763;3,56418001707906
2787997;UBS JORDANOPOLIS;CAPELA DO SOCORRO;SUL;100;ESF_EXCLUSIVA;,521342743507;3,6155852795;11625;3367,48779022151;22298,190863462;3,45212832953889
4050223;UBS PARQUE DO LAGO;M BOI MIRIM;SUL;100;ESF_EXCLUSIVA;1,86453233467;7,32696101735;8912;2655,26677920397;4779,75084383684;3,35634824711352
2788438;UBS IACAPE JD PLANALTO;VILA PRUDENTE / SAPOPEMBA;SUDESTE;100;ESF_EXCLUSIVA;1,00130900818;5,09691095822;21859;6689,09437541148;21830,4237966773;3,26785642019819
3689247;UBS JARDIM IPORA;PARELHEIROS;SUL;100;ESF_EXCLUSIVA;4,20536420904;10,9176403629;9885;2865,88716925884;2350,56929879007;3,44919371077557
6280188;UBS CHACARA DO SOL;CAPELA DO SOCORRO;SUL;100;ESF_EXCLUSIVA;2,73152397774;7,99364367675;2278;657,051979956308;833,966686203049;3,46700119547845
6332471;UBS MARSILAC;PARELHEIROS;SUL;100;ESF_EXCLUSIVA;55,6484239673;36,9744908961;1407;399,708337636413;25,2837349145194;3,5200666774178
2787490;UBS JARDIM IVA;MOOCA / ARICANDUVA / FORMOSA / CARRAO;SUDESTE;100;ESF_EXCLUSIVA;1,2319263269;5,71303095946;23507;7201,05169305057;19081,4982087059;3,26438428746257
2774763;UBS ARRASTAO - FRANCISCO SCALAMANDRE SOBRINHO;CAMPO LIMPO;SUL;100;ESF_EXCLUSIVA;1,72776181102;9,32821297339;17412;5165,27181195098;10077,7780183257;3,37097458447657
2787458;UBS JARDIM HERCULANO;M BOI MIRIM;SUL;100;ESF_EXCLUSIVA;11,5113942804;20,6262596934;24156;7133,44072325767;2098,44258754385;3,38630416052137
2752263;UBS JARDIM GUAIRACA;VILA PRUDENTE / SAPOPEMBA;SUDESTE;100;ESF_EXCLUSIVA;1,87989318603;7,32339065016;22271;7009,14178766242;11846,9496913452;3,17742181206859
2788160;UBS NOVO JARDIM I;M BOI MIRIM;SUL;100;ESF_EXCLUSIVA;2,52527504245;10,7553622169;21184;6534,95842059404;8388,78919875891;3,24164266037891
2787067;UBS GAIVOTAS;CAPELA DO SOCORRO;SUL;100;ESF_EXCLUSIVA;3,08399686164;8,22434522963;16578;4712,57548598467;5375,4918515657;3,51782163475225
2789264;UBS VILA TEREZINHA;FREGUESIA / BRASILANDIA;NORTE;100;ESF_EXCLUSIVA;,49359936878;3,8145963528;13363;3892,04127833676;27072,5629836775;3,43341682278113
2787989;UBS JARDIM INDAIA;ITAIM PAULISTA;LESTE;100;ESF_EXCLUSIVA;,655150294399;5,56656735441;14383;4047,8410308833;21953,7411842182;3,55325218808344
2787148;UBS ILZA WELTMAN HUTZLER;CASA VERDE / CACHOEIRINHA;NORTE;100;ESF_EXCLUSIVA;1,7273602076;7,1482307375;25931;8231,50493174986;15011,923909043;3,15021374766856
9343121;UBS INTERATIVA;PIRITUBA;NORTE;100;ESF_EXCLUSIVA;,752409951809;4,1110902785;18732;5524,13442898005;24896,0024451606;3,39093847929016
2062658;UBS JARDIM MAIA;SAO MIGUEL;LESTE;100;ESF_EXCLUSIVA;1,64344630757;7,38802897906;31341;8873,11838367092;19070,2914087536;3,53212913936507
2788497;UBS REUNIDAS II;VILA PRUDENTE / SAPOPEMBA;SUDESTE;100;ESF_EXCLUSIVA;1,44713179833;7,69208250412;26424;8203,53250697428;18259,5669796583;3,22105141626921
2788659;UBS THERSIO VENTURA;SAO MIGUEL;LESTE;100;ESF_EXCLUSIVA;1,08940376719;6,88050084652;19706;5959,48686128619;18088,7936993549;3,30666053280752
7270941;UBS INTEGERL JARDIM MARINGA TALARICO;PENHA;SUDESTE;100;ESF_EXCLUSIVA;1,99830002857;7,47626835446;25123;7859,75141457009;12572,1861786582;3,19641152434262
3219771;UBS JARDIM DA CONQUISTA II;SAO MATEUS;LESTE;100;ESF_EXCLUSIVA;,702695860386;4,96195445921;16202;4471,65618901504;23056,9168161885;3,62326603726857
2789221;UBS VILA RENATO;VILA PRUDENTE / SAPOPEMBA;SUDESTE;100;ESF_EXCLUSIVA;,583615188321;4,47412548322;10746;3340,1191234919;18412,8175809048;3,21725052391715
2786761;UBS AUGUSTO LEOPOLDO AYROSA GALVAO;FREGUESIA / BRASILANDIA;NORTE;100;ESF_EXCLUSIVA;1,30601291905;6,19585551881;23111;7073,48437768456;17695,8433281128;3,26727236055128
2787954;UBS JARDIM VITORIA;CIDADE TIRADENTES;LESTE;100;ESF_EXCLUSIVA;,849435869091;5,06272228238;8039;2172,77529149516;9463,92811102115;3,69987638918154
3219887;UBS CDHU PALANQUE;SAO MATEUS;LESTE;100;ESF_EXCLUSIVA;2,0619851087;8,75586325309;11744;3443,7478456318;5695,4824506003;3,41023806806779
2787466;UBS JARDIM ICARAI - BRASIL?NDIA;FREGUESIA / BRASILANDIA;NORTE;100;ESF_EXCLUSIVA;,674776229355;5,04989441698;16786;4914,41431342788;24876,3949732569;3,41566643132526
5621267;UBS JARDIM FLOR DE MAIO;SANTANA / TUCURUVI / JAÇANA / TREMEMBE;NORTE;100;ESF_EXCLUSIVA;,647887300061;3,92196330064;14518;3766,40066745568;22408,2182173244;3,85460849278347
9488413;UBS ENCOSTA NORTE;ITAIM PAULISTA;LESTE;100;ESF_EXCLUSIVA;1,43952409221;7,29518901253;32056;8923,70374871223;22268,4706518435;3,5922304126945
2787334;UBS JARDIM DAS CAMELIAS;SAO MIGUEL;LESTE;100;ESF_EXCLUSIVA;,658443763678;4,06823445196;14661;4310,23924486658;22266,1384445425;3,40143531880765
3016935;UBS JARDIM BANDEIRANTES;GUAIANASES;LESTE;100;ESF_EXCLUSIVA;,298875842371;3,35210274507;6268;1764,31126010345;20971,9191429979;3,55266111016741
9339833;UBS JOVA RURAL;SANTANA / TUCURUVI / JAÇANA / TREMEMBE;NORTE;100;ESF_EXCLUSIVA;1,09815990842;6,8679947764;21997;5815,49727900226;20030,7804276416;3,78247963066263
2788446;UBS PARQUE SANTA RITA;ITAIM PAULISTA;LESTE;100;ESF_EXCLUSIVA;1,14391553942;5,49430549125;21191;6200,76510358943;18524,9690818471;3,41748149558724
9632387;UBS JARDIM SAO CARLOS;SAO MIGUEL;LESTE;100;ESF_EXCLUSIVA;,930667237124;4,63534933016;16997;4781,06739647763;18263,2409544415;3,55506387810434
2787725;UBS JARDIM ROBRU - ITAIM;ITAIM PAULISTA;LESTE;100;ESF_EXCLUSIVA;,975913930784;6,04274078126;17401;4993,28077970623;17830,465834237;3,48488313950247
4049977;UBS CRUZ DAS ALMAS;FREGUESIA / BRASILANDIA;NORTE;100;ESF_EXCLUSIVA;1,56671324039;6,75805090733;26528;8522,65677585425;16932,2625966935;3,11264441331923
2786788;UBS BARRO BRANCO;CIDADE TIRADENTES;LESTE;100;ESF_EXCLUSIVA;,708682254177;4,74762458711;11253;2913,86581238324;15878,7664481146;3,86187996447105
3002926;UBS PREFEITO CELSO AUGUSTO DANIEL;GUAIANASES;LESTE;100;ESF_EXCLUSIVA;1,22806459898;6,64106817692;19283;5622,65627749236;15701,942728433;3,42951783789281
6048633;UBS BORACEA;SANTA CECILIA;CENTRO;100;ESF_EXCLUSIVA;1,43322590749;10,3177331522;19284;7291,2998642957;13454,9619143935;2,64479590181589
2789183;UBS VILA PIRITUBA;PIRITUBA;NORTE;100;ESF_EXCLUSIVA;2,06892439998;7,82614240287;27553;8820,16818690098;13317,5479975326;3,12386333413909
2065266;UBS ERMELINO MATARAZZO;ERMELINO MATARAZZO;LESTE;100;ESF_EXCLUSIVA;1,99021525048;7,40169595103;26386;7754,36513557348;13257,8624315316;3,40272859720689
2788527;AMA/UBS INTEGRADA JARDIM SAO FRANCISCO II;SAO MATEUS;LESTE;100;ESF_EXCLUSIVA;1,71371795727;6,71664142398;16686;4519,36470966173;9736,7247213662;3,6921118502182
2788810;UBS VILA DALVA - GUILHERME HENRIQUE P COELHO;BUTANTA;OESTE;100;ESF_EXCLUSIVA;1,65645886045;7,16204270783;15088;4395,06534097415;9108,58721592466;3,43294099847348
4050061;UBS RIO CLARO;SAO MATEUS;LESTE;100;ESF_EXCLUSIVA;2,49868316871;11,3149605718;20272;5592,45375918986;8113,07341957479;3,62488468799367
3661660;UBS INACIO MONTEIRO;CIDADE TIRADENTES;LESTE;100;ESF_EXCLUSIVA;3,29232551898;11,7946599279;21945;6327,1314048744;6665,50129186461;3,4683964336656
6873286;UBS JARDIM LAPENNA;SAO MIGUEL;LESTE;100;ESF_EXCLUSIVA;1,33456198013;6,20474576081;8347;2479,14865264061;6254,4865838205;3,36688160716357
6822991;UBS JARDIM NOVO HORIZONTE;CAPELA DO SOCORRO;SUL;100;ESF_EXCLUSIVA;3,81719153117;10,5355073306;15932;4430,75122034032;4173,74917394221;3,59577850520262
2787075;UBS GLEBA DO PESSEGO;ITAQUERA;LESTE;100;ESF_EXCLUSIVA;3,52200063153;13,4890031463;8596;2357,48872003298;2440,65827900371;3,64625286515888
2788187;UBS PARAISOPOLIS;CAMPO LIMPO;SUL;100;ESF_EXCLUSIVA;,271590780373;2,80918821388;19795;5953,31347721828;72885,3901918679;3,32503908550257
2786893;UBS CIDADE JULIA;SANTO AMARO / CIDADE ADEMAR;SUL;100;ESF_EXCLUSIVA;,336886514824;2,95411293285;14264;4010,60779509277;42340,6677689428;3,55656816342224
3002543;UBS JARDIM PARANAPANEMA;M BOI MIRIM;SUL;100;ESF_EXCLUSIVA;,527312977881;3,79937939344;18671;5461,84577125331;35407,8143022938;3,41844145403535
3074544;UBS JARDIM SAO CARLOS - CIDADE ADEMAR;SANTO AMARO / CIDADE ADEMAR;SUL;100;ESF_EXCLUSIVA;,488434433604;4,33779613485;15827;4574,21582074972;32403,5303637741;3,46004662224397
4050347;UBS CARLOS GENTILE DE MELO;CIDADE TIRADENTES;LESTE;100;ESF_EXCLUSIVA;1,03403059668;5,02441750864;30001;8733,23890413108;29013,6482385776;3,43526615146285
3738647;AMA/UBS INTEGRADA JARDIM DA CONQUISTA III;SAO MATEUS;LESTE;100;ESF_EXCLUSIVA;,550351446589;4,35497367241;15594;4287,61701355046;28334,6216252349;3,63698528826553
3996115;UBS SAO JORGE - CIDADE ADEMAR;SANTO AMARO / CIDADE ADEMAR;SUL;100;ESF_EXCLUSIVA;,552392719918;4,29955075504;15649;4452,61139021378;28329,4826954327;3,51456676286512
2786745;UBS ALTO DO UMUARAMA;CAMPO LIMPO;SUL;100;ESF_EXCLUSIVA;,742018164454;4,91189865542;20565;6248,827386019;27714,954950102;3,29101745489269
7357761;UBS JARDIM PANTANAL - CIDADE ADEMAR;SANTO AMARO / CIDADE ADEMAR;SUL;100;ESF_EXCLUSIVA;,689305667242;4,9081049641;19077;5528,1368122007;27675,6755480185;3,45089143920909
2787121;UBS IGUACU;VILA PRUDENTE / SAPOPEMBA;SUDESTE;100;ESF_EXCLUSIVA;,633235840496;5,93335059924;17238;5046,50880332123;27222,0851973537;3,41582679666689
6365817;UBS JARDIM ELEDY;CAMPO LIMPO;SUL;100;ESF_EXCLUSIVA;,587168554722;4,11794310413;15348;4448,40715301274;26139,0019553527;3,45022374797805
3105504;UBS RECANTO DOS HUMILDES;PERUS;NORTE;100;ESF_EXCLUSIVA;,790425649746;5,30078840903;20314;5540,12737310173;25700,0769225136;3,66670270048807
2788977;UBS VILA IMPERIO II - DRA GILDA TERA TAHIRA;SANTO AMARO / CIDADE ADEMAR;SUL;100;ESF_EXCLUSIVA;,978527082252;6,75061290542;25024;7439,91105529824;25573,1297108398;3,36348107040601
2789159;UBS VILA PENTEADO;FREGUESIA / BRASILANDIA;NORTE;100;ESF_EXCLUSIVA;,826993831719;4,83456264141;20706;5923,7902487186;25037,6716316738;3,49539722553124
6195008;UBS JARDIM MACEDONIA;CAMPO LIMPO;SUL;100;ESF_EXCLUSIVA;,649827997134;4,71480435107;16073;4930,13488602973;24734,2374765143;3,26015420907554
2787652;UBS JARDIM NITEROI;SANTO AMARO / CIDADE ADEMAR;SUL;100;ESF_EXCLUSIVA;,672620676868;4,69030045984;16137;4759,47699432392;23991,2339227223;3,39049858193343
4050053;UBS CHACARA SANTANA;M BOI MIRIM;SUL;100;ESF_EXCLUSIVA;,647858632193;4,34995501018;15534;4729,25594248057;23977,4531481003;3,28466046010869
2027526;UBS INTEGRAL JARDIM NELIA;ITAIM PAULISTA;LESTE;100;ESF_EXCLUSIVA;1,54151317653;6,89940306214;35770;10057,7557430634;23204,4724265799;3,55645940444217
4050118;UBS JARDIM THOMAS;M BOI MIRIM;SUL;100;ESF_EXCLUSIVA;,836058820479;5,41950039508;19298;6005,28063352153;23082,1080135769;3,21350510953283
2788934;UBS VILA GUACURI;SANTO AMARO / CIDADE ADEMAR;SUL;100;ESF_EXCLUSIVA;,742826486459;5,01245428839;16993;5001,0526613165;22876,1363653098;3,39788463565722
6683991;UBS JARDIM SELMA - CIDADE ADEMAR;SANTO AMARO / CIDADE ADEMAR;SUL;100;ESF_EXCLUSIVA;,593736281537;4,46447438808;13565;3820,43212496123;22846,8436607654;3,55064546530523
6380417;UBS JARDIM VALQUIRIA;CAMPO LIMPO;SUL;100;ESF_EXCLUSIVA;1,09330807527;5,84812261946;24778;7377,02029489588;22663,328443706;3,35880870724238
2787768;UBS JARDIM SAO BENTO;CAMPO LIMPO;SUL;100;ESF_EXCLUSIVA;1,35459878377;5,88639476424;30342;9137,45069360768;22399,2523568896;3,32061983341004
4050185;AMA/UBS INTEGRADA JARDIM ALFREDO;M BOI MIRIM;SUL;100;ESF_EXCLUSIVA;1,00595239853;6,80901456798;22466;7075,571730565;22333,0646985181;3,1751497766536
6090621;UBS REPUBLICA;SE;CENTRO;100;ESF_EXCLUSIVA;2,30492380093;7,07959602521;50917;23085,6410674185;22090,5350447836;2,20557011396407
2788020;UBS FAZENDA DA JUTA II;VILA PRUDENTE / SAPOPEMBA;SUDESTE;100;ESF_EXCLUSIVA;,728534711613;4,25453726318;15907;4613,50167819726;21834,237609326;3,4479233149896
2086743;UBS JARDIM CAIÇARA;M BOI MIRIM;SUL;100;ESF_EXCLUSIVA;1,01281716463;5,1607971366;21844;6661,18305466463;21567,5649691225;3,27929735915353
2787423;UBS JARDIM GUARUJA;M BOI MIRIM;SUL;100;ESF_EXCLUSIVA;,706225562889;5,92116416647;14999;4514,87022221026;21238,2569934777;3,32213314265703
2074079;UBS TEOTONIO VILELA;VILA PRUDENTE / SAPOPEMBA;SUDESTE;100;ESF_EXCLUSIVA;,863849340403;5,12950939069;18236;5490,65378460596;21110,1625562307;3,32128025466255
2815451;AMA/UBS INTEGRADA PARQUE FIGUEIRA GRANDE;M BOI MIRIM;SUL;100;ESF_EXCLUSIVA;,890531400978;5,40418930581;18448;5654,83729464365;20715,7209501428;3,26233966403848
2788314;UBS PARQUE ENGENHO II;CAMPO LIMPO;SUL;100;ESF_EXCLUSIVA;1,16857761023;6,33626098096;23807;7146,99301481031;20372,6306165615;3,33105124779975
2788608;UBS SANTA INES;SAO MIGUEL;LESTE;100;ESF_EXCLUSIVA;,895134622736;5,90167563151;17943;5059,51413187787;20045,0295902496;3,54638795985344
2787288;UBS JARDIM COIMBRA;M BOI MIRIM;SUL;100;ESF_EXCLUSIVA;1,12682735022;5,99473534896;22363;6796,50328207578;19845,9861625065;3,29036845446353
2766019;UBS PRIMEIRO DE OUTUBRO;GUAIANASES;LESTE;100;ESF_EXCLUSIVA;1,14256951153;6,05453245992;22554;6230,11765702441;19739,7180411354;3,62015635042952
5620341;UBS JARDIM MAGDALENA;CAMPO LIMPO;SUL;100;ESF_EXCLUSIVA;,809178306322;6,03036584379;15822;4570,22257336658;19553,1687841664;3,46197581102598
7097778;UBS JARDIM RINCAO;PIRITUBA;NORTE;100;ESF_EXCLUSIVA;,462625600416;3,16867239179;8603;2348,88503448978;18596,0309854536;3,66258879156626
2079070;UBS VILA CISPER;ERMELINO MATARAZZO;LESTE;100;ESF_EXCLUSIVA;1,39627151579;6,57015862127;25311;7566,25133561251;18127,563094832;3,34524969860138
5695813;UBS JARDIM MARACA;CAMPO LIMPO;SUL;100;ESF_EXCLUSIVA;1,47251606633;6,42153055459;26274;8159,98932442038;17842,9292561021;3,21985715365704
2788705;UBS VILA APARECIDA;SANTO AMARO / CIDADE ADEMAR;SUL;100;ESF_EXCLUSIVA;,816791492295;5,09292736164;14570;4448,01150889213;17838,0898153843;3,27562102096021
2825767;UBS JARDIM SANTA MARGARIDA;M BOI MIRIM;SUL;100;ESF_EXCLUSIVA;,807619644744;4,60716141651;14369;4298,02582415153;17791,7910906621;3,34316278865928
2787318;UBS JARDIM COMERCIAL;CAMPO LIMPO;SUL;100;ESF_EXCLUSIVA;1,96634565809;7,82623103381;34134;10282,0951179601;17359,1046210847;3,31975143279669
2786842;UBS CAMPO LIMPO;CAMPO LIMPO;SUL;100;ESF_EXCLUSIVA;1,54769833295;6,5391696631;26383;7959,10365397862;17046,6036166832;3,3148205058005
9459065;UBS TRES PONTES;SAO MIGUEL;LESTE;100;ESF_EXCLUSIVA;,832694307439;4,79797717056;13786;3955,59574740545;16555,8955751717;3,48518930657727
4050045;UBS JARDIM SOARES;GUAIANASES;LESTE;100;ESF_EXCLUSIVA;2,04500030124;8,09723634742;33281;9739,29846250114;16274,3252310622;3,41718657952014
2788322;AMA/UBS INTEGRADA PARQUE FERNANDA;CAMPO LIMPO;SUL;100;ESF_EXCLUSIVA;1,30804771543;7,31712777561;21287;6367,5753952969;16273,8711660853;3,34303069512496
2787563;UBS JARDIM LIDIA;CAMPO LIMPO;SUL;100;ESF_EXCLUSIVA;1,47509547234;6,78606658206;23961;7373,1165215094;16243,694356942;3,24977910359876
4050207;UBS VILA NOVA CURUÇA;ITAIM PAULISTA;LESTE;100;ESF_EXCLUSIVA;1,53532416227;6,20587862742;24666;7230,28043049602;16065,662617809;3,41148593572709
4049810;UBS VILA DAS BELEZAS - ALBERTO AMBROSIO;M BOI MIRIM;SUL;100;ESF_EXCLUSIVA;1,6262833241;6,55916631765;25817;8273,60506660016;15874,8476464194;3,12040516705602
2752247;AMA/UBS INTEGRADA HUMBERTO CERRUTI;ERMELINO MATARAZZO;LESTE;100;ESF_EXCLUSIVA;1,36585295559;7,4275909506;20931;6338,88847410952;15324,4900297181;3,30199846321486
2027011;UBS CARRAOZINHO;SAO MATEUS;LESTE;100;ESF_EXCLUSIVA;,674975569502;5,82518578514;10217;2979,78363218943;15136,8441490973;3,42877244160608
9624988;UBS VILA EMA DR FUAD KASSAB;VILA PRUDENTE / SAPOPEMBA;SUDESTE;100;ESF_EXCLUSIVA;1,86763330806;7,70791341037;27133;8641,12143585851;14528,0124759524;3,13998596147541
2787679;AMA/UBS INTEGRADA JARDIM PAULISTANO;FREGUESIA / BRASILANDIA;NORTE;100;ESF_EXCLUSIVA;1,36149241806;6,51637629073;19464;5532,97298118391;14296,0766742531;3,5178194555064
2787350;AMA/UBS INTEGRADA JARDIM DAS OLIVEIRAS;ITAIM PAULISTA;LESTE;100;ESF_EXCLUSIVA;2,20264480819;7,53849166883;31478;8985,78479614052;14291,0013829541;3,5030885686824
2774828;AMA/UBS INTEGRADA JARDIM TR?S MARIAS MAURICIO ZAMIJOVSKY;ERMELINO MATARAZZO;LESTE;100;ESF_EXCLUSIVA;,966867538052;5,04713633193;13744;4140,17641612519;14214,9771908681;3,31966530374642
4050002;UBS PEDRO DE SOUZA CAMPOS;ERMELINO MATARAZZO;LESTE;100;ESF_EXCLUSIVA;1,6621209884;6,40669025729;23042;6894,90785173176;13863,0100701519;3,34188657709365
2786915;UBS CIDADE NOVA SAO MIGUEL;SAO MIGUEL;LESTE;100;ESF_EXCLUSIVA;1,89011288671;7,03888056354;25585;7851,11937881519;13536,2285395208;3,25877098099367
2787628;AMA/UBS INTEGRADA JARDIM MIRNA;CAPELA DO SOCORRO;SUL;100;ESF_EXCLUSIVA;1,24913842533;6,1156198741;16523;4671,92613665979;13227,5171950098;3,53665694120181
4050177;AMA/UBS INTEGRADA CASTRO ALVES;CIDADE TIRADENTES;LESTE;100;ESF_EXCLUSIVA;1,40510555226;6,87728370334;18465;5218,68029084851;13141,3614943735;3,53825085479566
3762831;UBS VILA CALU;M BOI MIRIM;SUL;100;ESF_EXCLUSIVA;,887401380238;5,97392577287;11466;3190,58329099488;12920,8723981529;3,59370025924781
2786737;UBS ALTO DA RIVIERA;M BOI MIRIM;SUL;100;ESF_EXCLUSIVA;1,1089805667;6,21681318133;13029;3807,14207036894;11748,6278761137;3,42225211436289
2026988;AMA/UBS INTEGRADA VILA CALIFORNIA - ZEILIVAL BRUSCAGIN;VILA PRUDENTE / SAPOPEMBA;SUDESTE;100;ESF_EXCLUSIVA;1,75634177226;6,93155833038;20575;6713,2824670231;11714,6903438531;3,06481964688187
3004341;UBS SANTO ESTEVAO (CARMOSINA);ITAQUERA;LESTE;100;ESF_EXCLUSIVA;1,16159717405;6,3486823408;13289;4113,7819650159;11440,28265295;3,2303608001132
6377742;UBS VILA CAIUBA;PERUS;NORTE;100;ESF_EXCLUSIVA;1,97617416165;8,25868250826;21183;6378,57326780149;10719,1969266076;3,32096208832938
2788136;UBS MOINHO VELHO;PIRITUBA;NORTE;100;ESF_EXCLUSIVA;1,73493438989;6,28913781844;18384;6031,14250770733;10596,366126079;3,04817867866771
3651762;UBS MORRO DOCE;PERUS;NORTE;100;ESF_EXCLUSIVA;1,76807232106;7,29108314914;18513;5462,83046671636;10470,725535085;3,38890253190082
2787784;AMA/UBS INTEGRADA JARDIM SAO JORGE - DR. PAULO EDUARDO ELIAS;BUTANTA;OESTE;100;ESF_EXCLUSIVA;2,7461132368;7,76565718521;27923;8123,26638432662;10168,1895800256;3,4374103567348
2788039;UBS LARANJEIRAS;SANTO AMARO / CIDADE ADEMAR;SUL;100;ESF_EXCLUSIVA;1,42792248171;7,68304350349;14136;4143,24214791052;9899,69706413721;3,41182086283056
7884192;UBS CANTINHO DO CEU;CAPELA DO SOCORRO;SUL;100;ESF_EXCLUSIVA;1,99519165502;6,09607069433;18451;5219,02082679806;9247,73314562357;3,53533749190266
3738582;AMA/UBS INTEGRADA CITY JARAGUA;PIRITUBA;NORTE;100;ESF_EXCLUSIVA;2,97295398262;11,2889504819;27372;7743,92905084699;9207,00426579682;3,53463982175898
3992101;UBS CHACARA DO CONDE;CAPELA DO SOCORRO;SUL;100;ESF_EXCLUSIVA;2,17571640302;7,55781712047;19775;5574,86360753234;9088,96029489475;3,54717198341525
2086816;UBS INTEGRAL JARDIM VERA CRUZ;M BOI MIRIM;SUL;100;ESF_EXCLUSIVA;2,36965994381;8,7895305225;20999;5957,46152460186;8861,60904852756;3,52482343583468
2029618;UBS BOM RETIRO - OCTAVIO AUGUSTO RODOVALHO;SANTA CECILIA;CENTRO;100;ESF_EXCLUSIVA;3,17630239314;8,55673063314;26386;8507,40398278056;8307,14356951246;3,1015336821205
3738604;AMA/UBS INTEGRADA PARQUE MARIA DOMITILA;PIRITUBA;NORTE;100;ESF_EXCLUSIVA;5,55037442909;18,7855694083;41976;13665,8531205654;7562,73302572167;3,07159747947468
2787210;UBS JARDIM BOA VISTA;BUTANTA;OESTE;100;ESF_EXCLUSIVA;2,42765393574;9,04595105317;18248;5724,01564752021;7516,72210414852;3,18797171840463
9072349;UBS AUTODROMO DR FAUZER SIMAO ABRAO;CAPELA DO SOCORRO;SUL;100;ESF_EXCLUSIVA;2,13817342214;6,10674260211;15696;4578,00810845056;7340,84515197584;3,42856535597364
9343148;UBS PARQUE NAÇ?ES UNIDAS (SEM TERRA);PIRITUBA;NORTE;100;ESF_EXCLUSIVA;2,41192874285;8,59351250374;17629;5053,70751623627;7309,08823581956;3,48833009100003
2788217;AMA/UBS INTEGRADA PAULO VI;BUTANTA;OESTE;100;ESF_EXCLUSIVA;3,44503079009;10,8840003866;24939;7215,01920902586;7239,12252736309;3,45653965394877
2789280;UBS VARGEM GRANDE;PARELHEIROS;SUL;100;ESF_EXCLUSIVA;2,83869414341;7,44442315027;19675;5605,51665559678;6931,00383698445;3,50993516009905
4049861;UBS JARDIM SOUZA;M BOI MIRIM;SUL;100;ESF_EXCLUSIVA;4,1072306293;10,3177867258;26030;7959,67867740447;6337,60369196417;3,27023251251243
3651770;UBS JARDIM ROSINHA;PERUS;NORTE;100;ESF_EXCLUSIVA;2,66940940857;10,1182080723;14815;4385,84301452831;5549,91675403451;3,37791388130506
2787261;UBS JARDIM CIDADE PIRITUBA;PIRITUBA;NORTE;100;ESF_EXCLUSIVA;4,00551677508;9,94802157249;19353;5945,19191704926;4831,58630626718;3,25523553655192
2789019;UBS VILA JAGUARA;LAPA / PINHEIROS;OESTE;100;ESF_EXCLUSIVA;3,13269711459;9,31324921983;13363;4363,64414091493;4265,65336871034;3,06234870866398
2787105;UBS HORIZONTE AZUL;M BOI MIRIM;SUL;100;ESF_EXCLUSIVA;2,61201615425;8,92695754924;9774;2658,43640921636;3741,93704127624;3,67659725322568
2766000;UBS MAR PAULISTA;SANTO AMARO / CIDADE ADEMAR;SUL;100;ESF_EXCLUSIVA;3,67994455701;10,991468338;13571;4204,05958187208;3687,82730004677;3,2280703295734
2788098;UBS MATA VIRGEM;SANTO AMARO / CIDADE ADEMAR;SUL;100;ESF_EXCLUSIVA;4,78940328897;15,4059785472;15877;4560,23040468518;3315,02674593404;3,48162232848761
2091739;UBS MORADA DO SOL;PERUS;NORTE;100;ESF_EXCLUSIVA;5,28177182412;12,4873032885;11096;3218,03731986285;2100,81017686687;3,44806442470745
6332501;UBS VILA MARCELO;PARELHEIROS;SUL;100;ESF_EXCLUSIVA;2,46929025375;8,16377806397;4734;1353,03425172131;1917,15007695458;3,49880277899651
3561186;UBS VERA POTY;PARELHEIROS;SUL;100;ESF_EXCLUSIVA;2,75012019907;10,5239062698;925;176,81962924664;336,348934971208;5,2313196444369
2819856;UBS UNIAO VILA NOVA;SAO MIGUEL;LESTE;100;ESF_EXCLUSIVA;1,08181881061;6,20706907717;23254;6556,63981329287;21495,2816238127;3,5466337426154
2787091;UBS JARDIM DOS EUCALIPTOS -  HELIO MOREIRA SALLES;VILA PRUDENTE / SAPOPEMBA;SUDESTE;100;ESF_EXCLUSIVA;1,18795579287;7,37413175696;22479;6787,84700429491;18922,4213012949;3,31165389935524
6974511;UBS VILA DIONISIA II;CASA VERDE / CACHOEIRINHA;NORTE;100;ESF_EXCLUSIVA;,988057409329;9,10694693812;18373;5728,52059266499;18595,0733495104;3,20728531962083
2786818;UBS BRASILANDIA;FREGUESIA / BRASILANDIA;NORTE;100;ESF_EXCLUSIVA;,692221089153;5,11981372392;12730;3852,99218576794;18390,0782560329;3,30392572479686
4050401;UBS REUNIDAS I;VILA PRUDENTE / SAPOPEMBA;SUDESTE;100;ESF_EXCLUSIVA;1,45903868374;6,69110060939;25412;7900,73787390802;17416,9473936501;3,21640844254844
2789027;UBS VILA MAGGI;PIRITUBA;NORTE;100;ESF_EXCLUSIVA;,748436042991;4,00979924676;13000;3811,60666358942;17369,5536468923;3,41063523793869
2086808;UBS JARDIM SANTA MARIA;ITAQUERA;LESTE;100;ESF_EXCLUSIVA;1,31059817498;5,60507717423;22639;6679,78761183897;17273,7917938467;3,38917961401581
9186492;UBS JARDIM COLOMBO;BUTANTA;OESTE;100;ESF_EXCLUSIVA;1,53411482587;10,2637565183;23651;7482,04968619518;15416,7077986405;3,16103220266466
2787822;UBS JARDIM SAPOPEMBA;VILA PRUDENTE / SAPOPEMBA;SUDESTE;100;ESF_EXCLUSIVA;1,21752590662;5,64863979825;18456;5487,90029386001;15158,609685141;3,36303486064588
2787024;AMA/UBS INTEGRADA ELISIO TEIXEIRA LEITE;PIRITUBA;NORTE;100;ESF_EXCLUSIVA;1,48117245191;6,62888771473;22229;6739,12604947101;15007,7055317463;3,29849892060483
9794751;UBS JARDIM LUCELIA;CAPELA DO SOCORRO;SUL;100;ESF_EXCLUSIVA;1,28281205143;5,80298603618;16805;4665,20470816473;13100,1263834923;3,60219991431223
2046962;UBS CIDADE PEDRO JOSE NUNES;SAO MIGUEL;LESTE;100;ESF_EXCLUSIVA;1,50584477236;8,18846270294;18576;5575,05351938983;12335,9328537477;3,33198595051928
2774798;UBS JARDIM COPA;ITAQUERA;LESTE;100;ESF_EXCLUSIVA;1,73489627588;6,26203205716;16357;5009,07007204557;9428,22935722953;3,26547637879624
2787059;UBS FERROVIARIOS;CIDADE TIRADENTES;LESTE;100;ESF_EXCLUSIVA;1,39607978721;6,53707251551;12447;3806,8607926026;8915,67954355585;3,26962310368341
2787326;UBS JARDIM D ABRIL;BUTANTA;OESTE;100;ESF_EXCLUSIVA;1,70151641103;6,89729864648;14562;4256,79127798121;8558,24833989406;3,4208865431866
2788209;UBS PAULO FELDMAN NITRO OPERARIA;SAO MIGUEL;LESTE;100;ESF_EXCLUSIVA;1,09332514196;5,40599513659;9015;2858,4438086922;8245,48860537392;3,15381396429288
2787865;UBS JARDIM SANTA TEREZINHA;ITAQUERA;LESTE;100;ESF_EXCLUSIVA;1,99565683396;6,79351641527;16252;4961,21874392431;8143,68468738736;3,27580798970068
3469042;UBS SANTO ELIAS;PIRITUBA;NORTE;100;ESF_EXCLUSIVA;1,50648915495;6,45546696374;10850;3268,63130698713;7202,17597607605;3,31943219683624
2064855;UBS AGUA FUNDA;IPIRANGA;SUDESTE;100;ESF_EXCLUSIVA;6,77852772554;16,2462363009;27972;8764,37978292525;4126,5597977283;3,19155498652569
2091747;UBS ALPES DO JARAGUA;PIRITUBA;NORTE;100;ESF_EXCLUSIVA;2,74770725684;10,7781561358;9782;2637,14636315193;3560,05901853234;3,70931251169105
2787431;UBS JARDIM HELIAN;ITAQUERA;LESTE;100;ESF_EXCLUSIVA;1,76625079304;6,69874123393;6200;1764,26356553314;3510,26027811646;3,51421415775053
2787415;UBS JARDIM GUARANI;FREGUESIA / BRASILANDIA;NORTE;100;ESF_EXCLUSIVA;,723855647986;6,1058098536;19514;5623,65468735018;26958,4136758403;3,46998546050395
2787040;UBS FAZENDA DA JUTA I;VILA PRUDENTE / SAPOPEMBA;SUDESTE;100;ESF_EXCLUSIVA;,447494220878;3,58820499207;11358;3226,84161733763;25381,3333672001;3,51985047514391
2786931;UBS JARDIM DA CONQUISTA I;SAO MATEUS;LESTE;100;ESF_EXCLUSIVA;,774418132238;4,39931089191;16510;4518,97810587667;21319,2322244413;3,65348085633115
2027062;UBS VILA RAMOS - FREGUESIA DO O;FREGUESIA / BRASILANDIA;NORTE;100;ESF_EXCLUSIVA;,910894867674;5,87994773623;18238;5530,06464798052;20022,0691182192;3,2979722952534
2786982;UBS DOM JOAO NERY;ITAIM PAULISTA;LESTE;100;ESF_EXCLUSIVA;1,21897011779;6,52053254246;21977;6246,30737419358;18029,1540204812;3,51839874079801
2787385;UBS JARDIM FANGANIELLO;GUAIANASES;LESTE;100;ESF_EXCLUSIVA;1,07023255695;5,69998643969;17702;4964,12502570151;16540,3303095619;3,56598593072269
2787733;AMA/UBS INTEGRADA JARDIM ROMANO;SAO MIGUEL;LESTE;100;ESF_EXCLUSIVA;1,35932703055;5,29620974744;18609;5303,21274793874;13689,8623964467;3,50900499083937
2788152;UBS JARDIM NOVE DE JULHO;SAO MATEUS;LESTE;100;ESF_EXCLUSIVA;1,03357189514;5,30369849053;13580;4065,30793335199;13138,9021546107;3,34046035937131
3956954;UBS PARAISOPOLIS II;CAMPO LIMPO;SUL;100;ESF_EXCLUSIVA;,399682272302;3,31626430923;20752;6518,4415886974;51921,2420417781;3,18358302634525
2787857;UBS JARDIM SINHA;VILA PRUDENTE / SAPOPEMBA;SUDESTE;100;ESF_EXCLUSIVA;,573191269559;3,69687708273;18714;5352,87887410798;32648,7875755646;3,49606266835593
2788624;UBS SANTA LUZIA;GUAIANASES;LESTE;100;ESF_EXCLUSIVA;,328928519409;2,73988903342;6841;1858,00353546164;20797,8317364865;3,68190903269745
2787172;UBS JARDIM APUANA;SANTANA / TUCURUVI / JAÇANA / TREMEMBE;NORTE;100;ESF_EXCLUSIVA;,387028761873;3,92571723907;11480;3071,92276983582;29661,8782140203;3,73707311678723
2787237;UBS JARDIM CAMPOS;ITAIM PAULISTA;LESTE;100;ESF_EXCLUSIVA;,942842949199;5,18861230573;19072;5381,18827076817;20228,1833005197;3,54419861196892
2043017;UBS MASCARENHAS DE MORAES;VILA PRUDENTE / SAPOPEMBA;SUDESTE;100;ESF_EXCLUSIVA;,775696926942;4,37389680004;14943;4224,80879965879;19263,9669966326;3,53696479736712
4050398;UBS PASTORAL;VILA PRUDENTE / SAPOPEMBA;SUDESTE;100;ESF_EXCLUSIVA;,29918608613;3,4453483347;7123;2149,27963628041;23807,9253354883;3,31413366588594
2057131;UBS CIDADE KEMEL;ITAIM PAULISTA;LESTE;100;ESF_EXCLUSIVA;,927009608338;5,05732447923;16966;4749,1124245586;18301,8599239955;3,5724570158132
2786974;UBS DOM ANGELICO;CIDADE TIRADENTES;LESTE;100;ESF_EXCLUSIVA;,535631404382;5,88777097634;9056;2446,30379399603;16907,1490691413;3,70191143971005
2788853;UBS VILA ESPANHOLA;CASA VERDE / CACHOEIRINHA;NORTE;100;ESF_EXCLUSIVA;1,23589835475;6,01646092075;15451;4250,18881502227;12501,8371782892;3,63536790304198
5743583;UBS CIDADE IPAVA;M BOI MIRIM;SUL;100;ESF_EXCLUSIVA;10,863428437;15,4493043758;21729;6269,77575072311;2000,19727897251;3,46567419057913
2788403;UBS PARQUE RESIDENCIAL COCAIA INDEPENDENTE;CAPELA DO SOCORRO;SUL;100;ESF_EXCLUSIVA;2,07169380987;7,539005541;31509;8923,57976722854;15209,2938878729;3,53098205226062
2815273;UBS ZUMBI DOS PALMARES;M BOI MIRIM;SUL;100;ESF_EXCLUSIVA;,786327128188;7,51620801984;17766;5470,89685053131;22593,6501020125;3,24736519173719
4050134;UBS JARDIM NOSSA SENHORA DO CARMO;ITAQUERA;LESTE;100;ESF_EXCLUSIVA;9,46271692723;17,8927501369;27086;8003,74210516823;2862,39144722348;3,38416701139206
2788616;UBS SANTA LUCIA;M BOI MIRIM;SUL;100;ESF_EXCLUSIVA;1,11673923536;6,27155150397;19966;6142,19669851568;17878,8381099224;3,25062855848055
4050126;UBS VILA RAMOS - DR. LUIS AUGUSTO DE CAMPOS;ITAQUERA;LESTE;100;ESF_EXCLUSIVA;1,32169415865;6,52187535351;26305;7237,22794497258;19902,4863867662;3,63467894061193
2788268;UBS PARQUE ARARIBA - CEO II;CAMPO LIMPO;SUL;100;ESF_EXCLUSIVA;3,89003488546;13,6223772058;55591;17798,1708008269;14290,6173432494;3,12341086182954
6090591;UBS CHACARA SANTO AMARO;CAPELA DO SOCORRO;SUL;100;ESF_EXCLUSIVA;31,7096441925;32,4172218039;5097;1396,83386967144;160,739741166996;3,64896650250822
2789124;UBS VILA NOVA YORK;MOOCA / ARICANDUVA / FORMOSA / CARRAO;SUDESTE;100;ESF_EXCLUSIVA;1,85254458426;7,09041004616;20755;6409,70507610126;11203,509041749;3,23805849935054
6039111;UBS JARDIM HELGA;CAMPO LIMPO;SUL;100;ESF_EXCLUSIVA;,53195796843;4,30237654877;10943;3269,60664680652;20571,1741329804;3,34688578232743
6332439;UBS JARDIM DAS FONTES;PARELHEIROS;SUL;100;ESF_EXCLUSIVA;13,863809534;19,8196337388;5614;1591,80650105026;404,939204208776;3,52681057420983
3661741;UBS NOVO CAMINHO;M BOI MIRIM;SUL;100;ESF_EXCLUSIVA;1,83219037601;8,34966605495;21014;6583,76458910527;11469,3321584641;3,19179091469548
2787245;AMA/UBS INTEGRADA JARDIM CAPELA;M BOI MIRIM;SUL;100;ESF_EXCLUSIVA;2,81575617703;9,4927177991;19466;5650,99016416134;6913,24062743683;3,44470604876534
2788594;AMA/UBS INTEGRADA MASSAGISTA MARIO AMERICO;CASA VERDE / CACHOEIRINHA;NORTE;100;ESF_EXCLUSIVA;,959930059833;6,47013741281;17190;5348,84812649943;17907,5546430857;3,21377604924634
2788063;UBS MANUEL JOAQUIM PERA;LAPA / PINHEIROS;OESTE;100;ESF_EXCLUSIVA;5,04798196768;12,5560030982;54094;22864,4318605063;10715,965379104;2,36585804230878
2787814;UBS JARDIM SAO NORBERTO;PARELHEIROS;SUL;100;ESF_EXCLUSIVA;7,11102814354;15,0792594538;8670;2425,80429821616;1219,2329751748;3,57407232165248
2787970;UBS JARAGUA;ITAIM PAULISTA;LESTE;100;ESF_EXCLUSIVA;,821097167809;5,58724545023;15042;4365,70691545868;18319,3909195154;3,44549010991491
2788365;AMA/UBS INTEGRADA PARQUE NOVO SANTO AMARO;M BOI MIRIM;SUL;100;ESF_EXCLUSIVA;1,25818092904;8,25386470895;14541;4387,96070642619;11557,1613464964;3,31384006668624
2788802;UBS VILA CURUÇA;ITAIM PAULISTA;LESTE;100;ESF_EXCLUSIVA;1,80935956825;6,69606518066;21245;6476,58073765145;11741,723631278;3,28028026833553
2043009;AMA/UBS INTEGRADA JARDIM ELBA HUMBERTO GASTAO BODRA;VILA PRUDENTE / SAPOPEMBA;SUDESTE;100;ESF_EXCLUSIVA;,821518175433;5,60871735159;12552;3846,32151455006;15279,0289677817;3,26337773701903
2788381;UBS PARQUE REGINA;CAMPO LIMPO;SUL;100;ESF_EXCLUSIVA;,75118690736;5,83388692346;18019;5469,94574430059;23987,3722817224;3,29418258284827
2788969;UBS VILA GUILHERMINA;PENHA;SUDESTE;100;ESF_EXCLUSIVA;1,47978424087;6,40538059674;17543;5646,90105152093;11855,1066537146;3,10665971298984
6332420;UBS BARRAGEM;PARELHEIROS;SUL;100;ESF_EXCLUSIVA;49,4701629518;54,5393097039;4561;1296,44223519842;92,1969875952075;3,51808964269198
2752239;AMA/UBS INTEGRADA JARDIM INDEPEND?NCIA - HERMENEGILDO MORBI*;VILA PRUDENTE / SAPOPEMBA;SUDESTE;100;ESF_EXCLUSIVA;2,88554404144;8,08922827044;24398;7919,88312115112;8455,25129736867;3,0806010173107
3385264;UBS ALMIRANTE DELAMARE;IPIRANGA;SUDESTE;100;ESF_EXCLUSIVA;,345639195166;3,24589785807;16339;4779,9510751965;47271,8378832958;3,41823582353891
2788411;UBS SANTA MADALENA;VILA PRUDENTE / SAPOPEMBA;SUDESTE;100;ESF_EXCLUSIVA;,157272232752;2,46397972285;6264;1773,02790330704;39829,0269705626;3,53293932279149
5313902;UBS BRASILIA - M BOI MIRIM;M BOI MIRIM;SUL;100;ESF_EXCLUSIVA;,97311583636;6,8433973558;19683;5798,58809061619;20226,7800651827;3,39444700889392
3956946;UBS JARDIM OLINDA;CAMPO LIMPO;SUL;100;ESF_EXCLUSIVA;1,29639518259;6,95478708076;21086;6366,73985563113;16265,1020947744;3,31189910034572
3614948;UBS LUAR DO SERTAO;CAMPO LIMPO;SUL;100;ESF_EXCLUSIVA;1,25734199182;6,36205192155;19679;5835,35596938521;15651,2707982613;3,37237352840932
6332463;UBS JARDIM SILVEIRA;PARELHEIROS;SUL;100;ESF_EXCLUSIVA;6,13067487218;11,3683761961;3184;872,190676404444;519,355546719411;3,6505778909789
6332498;UBS NOVA AMERICA;PARELHEIROS;SUL;100;ESF_EXCLUSIVA;11,5021864906;16,9847772884;3268;895,8304356908;284,119893436846;3,64801179977766
9788409;UBS ANCHIETA;CAPELA DO SOCORRO;SUL;100;ESF_EXCLUSIVA;1,98062259703;7,02678381059;19658;5727,04397144178;9925,16193114111;3,43248630498136
9059369;UBS JARDIM ORION GUANHEMBU;CAPELA DO SOCORRO;SUL;100;ESF_EXCLUSIVA;4,17951746278;10,2933044457;28642;8033,0692196593;6852,9442106814;3,56551141497754
2787776;UBS JARDIM SAO FRANCISCO;PENHA;SUDESTE;100;ESF_EXCLUSIVA;8,3244881851;17,0063429141;9867;2758,21918343565;1185,29809648369;3,57730816291025
9188177;UBS HELIOPOLIS;IPIRANGA;SUDESTE;100;ESF_EXCLUSIVA;1,3878686524;5,69777322624;10656;3324,36802949678;7677,96000116646;3,20542127269014
6332447;UBS JARDIM SANTA FE;PARELHEIROS;SUL;100;ESF_EXCLUSIVA;2,61057883514;9,46244793847;9102;2557,55544218902;3486,58308168345;3,55886713142358
6018939;UBS COLONIA;PARELHEIROS;SUL;100;ESF_EXCLUSIVA;16,679101775;22,781094144;4270;1235,59612810078;256,008990028481;3,45582177128004
2027305;UBS PROFETA JEREMIAS;CIDADE TIRADENTES;LESTE;100;ESF_EXCLUSIVA;,561869359844;4,28884018784;11187;3312,66365110624;19910,3222199303;3,37704070748752
2788756;AMA/UBS INTEGRADA VILA BARBOSA;CASA VERDE / CACHOEIRINHA;NORTE;100;ESF_EXCLUSIVA;2,55990937179;8,37850717227;17885;5515,3413588703;6986,57546126097;3,2427729919628
4050150;UBS PARELHEIROS;PARELHEIROS;SUL;100;ESF_EXCLUSIVA;17,1669018204;27,6003899227;18461;5154,389264482;1075,3833273551;3,58160764597497
2046997;UBS VILA SANTA CATARINA;VILA MARIANA / JABAQUARA;SUDESTE;100;ESF_EXCLUSIVA;1,29764038296;6,98001932531;21589;6799,67266521809;16637,1209492988;3,17500577791528
4049896;UBS ALCINA PIMENTEL PIZA;CAPELA DO SOCORRO;SUL;100;ESF_EXCLUSIVA;19,6042241928;25,014651536;3313;976,513328042992;168,99419061004;3,39268282865069
3121135;UBS GRAFICOS;CIDADE TIRADENTES;LESTE;100;ESF_EXCLUSIVA;1,13877236428;8,40103708017;8001;2234,69638071283;7025,98715157503;3,58035215390103
2786966;AMA/UBS INTEGRADA CUPEC? - DR. WALDOMIRO PREGNOLATTO;VILA MARIANA / JABAQUARA;SUDESTE;100;ESF_EXCLUSIVA;1,32266869383;6,13428217662;25242;8301,41797209922;19084,1441380968;3,04068534855581
9423206;UBS PROMORAR;VILA PRUDENTE / SAPOPEMBA;SUDESTE;100;ESF_EXCLUSIVA;,517958633924;3,07800987808;15964;4799,56583798955;30820,9940995836;3,32613418356337
6194990;AMA/UBS INTEGRADA CHACARA CRUZEIRO DO SUL;PENHA;SUDESTE;99,7;ESF_MISTA;1,05450353557;6,21566936828;14734;4548,29051986496;13972,4519672053;3,23945885506836
2789175;AMA/UBS INTEGRADA VILA PIAU?;LAPA / PINHEIROS;OESTE;99,6;ESF_MISTA;1,39981781492;7,45070202526;11082;3428,26347472378;7916,74450909409;3,23254034636089
6879810;UBS NOVA ESPERANÇA;FREGUESIA / BRASILANDIA;NORTE;95,7;ESF_MISTA;,393652451604;4,02212133464;8772;2511,29495117943;22283,6158247131;3,49301861013189
2787636;UBS JARDIM MITSUTANI;CAMPO LIMPO;SUL;92,7;ESF_MISTA;1,52955809911;7,09634046245;28623;8340,57434806925;18713,2479744671;3,43177805334544
2787830;UBS JARDIM SECKLER;IPIRANGA;SUDESTE;90,4;ESF_MISTA;1,03284028281;5,44448813257;20380;6529,15380548158;19731,9956814166;3,12138457864017
2042983;UBS EDUARDO ROMANO RESCHILIAN;IPIRANGA;SUDESTE;89,8;ESF_MISTA;1,46183985418;6,80084104785;31073;9526,89997114566;21256,090337905;3,26160661853399
5975220;UBS SE;SE;CENTRO;85,6;ESF_MISTA;3,34643324074;13,6067577996;41770;15694,5535530284;12481,9462977733;2,66143282501591
7302541;UBS JARDIM EDITE;LAPA / PINHEIROS;OESTE;82,5;ESF_MISTA;3,74558127499;10,3667545939;23553;9150,71987694738;6288,20956503283;2,57389585920284
2788861;UBS VILA ESPERANÇA - CASSIO BITTENCOURT FILHO;PENHA;SUDESTE;79,2;ESF_MISTA;3,56090821049;10,9582566844;39581;13172,8967263729;11115,4227124977;3,00473015329701
2788942;AMA/UBS INTEGRADA VILA GUARANI;MOOCA / ARICANDUVA / FORMOSA / CARRAO;SUDESTE;79,2;ESF_MISTA;2,4451242484;9,31976065259;39499;12243,0386116267;16154,1893119937;3,22624156085644
5479517;UBS JOAQUIM ROSSINI / CARIOCA;IPIRANGA;SUDESTE;68,3;ESF_MISTA;3,22046999883;9,01771281133;25458;8447,1128999762;7905,05733922344;3,01381078972813
7136617;UBS CANAA;VILA MARIANA / JABAQUARA;SUDESTE;67,2;ESF_MISTA;1,66040357565;7,032332192;27977;9608,89666685855;16849,5180390393;2,91157257383085
2788284;AMA/UBS INTEGRADA PARQUE BRISTOL;IPIRANGA;SUDESTE;60,2;ESF_MISTA;,932571056651;4,87661110711;23526;7194,48644511567;25227,03211966;3,27000407596456
2752174;UBS BELENZINHO - MARCUS WOLOSKER;MOOCA / ARICANDUVA / FORMOSA / CARRAO;SUDESTE;56,2;ESF_MISTA;6,7237324255;12,2703449188;59643;19794,5024594283;8870,51956050508;3,013109327817
2788519;UBS SACOMA;IPIRANGA;SUDESTE;52,4;ESF_MISTA;1,78379160934;8,33274004531;44292;13745,0775315354;24830,2547046894;3,22238997185579
2789108;UBS VILA NOVA GALVAO - SONIA REGINA CAMPANELLI;SANTANA / TUCURUVI / JAÇANA / TREMEMBE;NORTE;51,6;ESF_MISTA;1,52431951969;11,1034511667;19667;5256,94815433894;12902,1505963524;3,74114399126561
2788144;UBS NOSSA S DO BRASIL  - ARMANDO DARIENZO;SE;CENTRO;43,5;ESF_MISTA;2,2053119917;6,41620703623;58283;27109,6053314499;26428,4601087539;2,14990219471716
2789086;AMA/UBS INTEGRADA VILA MORAES- JOAO PAULO BOTELHO VIEIRA;IPIRANGA;SUDESTE;41,8;ESF_MISTA;1,32723072149;5,77027608371;25063;7618,70356367454;18883,6798261144;3,28966730238707
2787113;UBS HUMAITA;SE;CENTRO;41,5;ESF_MISTA;2,31406864262;8,51007331976;46876;20479,6612932972;20256,9617584579;2,28890504235742
2786834;UBS CAMBUCI;SE;CENTRO;40,4;ESF_MISTA;5,42053315271;13,9293282436;77682;29067,4984941787;14331,0626116479;2,67246939104709
2788837;UBS VILA DIONISIA;CASA VERDE / CACHOEIRINHA;NORTE;40,3;ESF_MISTA;2,72946002649;9,5414273927;41992;11775,0896087622;15384,7279654065;3,56617243649276
2075202;AMA/UBS INTEGRADA JARDIM BRASIL;VILA MARIA / VILA GUILHERME;NORTE;39,5;ESF_MISTA;2,05925105087;6,39936143862;48689;14832,2514998884;23644,0330961248;3,28264390611004
2047004;UBS AURELIO MELLONE;IPIRANGA;SUDESTE;38,5;ESF_MISTA;,819966191771;4,82909197317;18275;6165,73188547293;22287,504269571;2,96396280919345
2027275;UBS VILA ALBERTINA - DR. OSVALDO MARÇAL;SANTANA / TUCURUVI / JAÇANA / TREMEMBE;NORTE;34,9;ESF_MISTA;3,30020159012;7,91944456102;25583;7611,73383185;7751,95069191812;3,360995085371
2787660;UBS JARDIM PANAMERICANO;PIRITUBA;NORTE;34,5;ESF_MISTA;3,68700707509;11,4965897553;20986;6299,3762096407;5691,87950350969;3,33144097154931
4050215;UBS VILA SANTANA;ITAQUERA;LESTE;34,2;ESF_MISTA;2,56512903074;7,54280096633;38802;11699,9660550196;15126,7244395913;3,31641987827417
6269567;UBS ATUALPA GIRAO RABELO;ITAIM PAULISTA;LESTE;34;ESF_MISTA;1,0416627879;8,03571467189;23562;7074,50134676073;22619,6042267202;3,33055276196796
3359131;UBS VILA PRUDENTE;VILA PRUDENTE / SAPOPEMBA;SUDESTE;32,9;ESF_MISTA;4,45977700213;11,9492244404;46117;15530,8301623895;10340,6515567873;2,96938409072813
2788667;UBS UNIAO DAS VILAS DE TAIPAS;PIRITUBA;NORTE;32,3;ESF_MISTA;4,52639197298;14,2730461022;36232;10091,2503272255;8004,60945854547;3,59043714357662
2787547;UBS JARDIM KERALUX;ERMELINO MATARAZZO;LESTE;30,7;ESF_MISTA;1,92727892359;8,64292066702;8941;2608,15413776945;4639,18319790751;3,42809493906926
2752182;UBS BRAS - MANOEL SALDIVA NETO;MOOCA / ARICANDUVA / FORMOSA / CARRAO;SUDESTE;30,6;ESF_MISTA;3,48855530953;10,3612738201;29581;10207,3916445912;8479,44130889682;2,89799794403645
2788357;UBS PARQUE NOVO MUNDO II;VILA MARIA / VILA GUILHERME;NORTE;28,8;ESF_MISTA;3,93035889919;9,50038840117;25396;7515,0613093762;6461,49643108516;3,37934701454991
2788330;UBS PARQUE  IMPERIAL - MANOEL ANTONIO DA SILVA SARAGOCA;VILA MARIANA / JABAQUARA;SUDESTE;25,8;ESF_MISTA;3,18037481462;7,95473756864;63481;23933,4900990332;19960,225979712;2,65239209732158
2789116;AMA/UBS INTEGRADA VILA NOVA JAGUARE;LAPA / PINHEIROS;OESTE;22,9;ESF_MISTA;6,4972760525;10,9559995527;50446;16615,3159685354;7764,17680153663;3,03611439562931
2091720;UBS JARDIM FONTALIS;SANTANA / TUCURUVI / JAÇANA / TREMEMBE;NORTE;22,3;ESF_MISTA;3,07812674225;13,3792611515;38347;10973,0865713219;12457,9015781429;3,49464116142304
6564410;UBS PARAISOPOLIS III;CAMPO LIMPO;SUL;22,2;ESF_MISTA;4,81940674847;12,4853853139;30617;9421,90940324386;6352,85660620363;3,2495536403119
2042991;AMA/UBS INTEGRADA DR. GERALDO DA SILVA FERREIRA - CEO II;VILA MARIANA / JABAQUARA;SUDESTE;22,1;ESF_MISTA;2,90270843889;10,881382161;34195;12010,9098687202;11780,3770926012;2,84699497155111
2042975;UBS OSWALDO MARASCA JUNIOR;IPIRANGA;SUDESTE;21,3;ESF_MISTA;2,67211627644;6,91218403428;26345;9330,06619348159;9859,22664828749;2,82366699803329
2787253;AMA/UBS INTEGRADA JARDIM CASTRO ALVES;CAPELA DO SOCORRO;SUL;21;ESF_MISTA;5,18539587469;13,1771442581;74212;21877,0593840764;14311,7327574217;3,39222921587059
2788586;UBS SILMARYA REJANE MARCOLINO SOUZA;FREGUESIA / BRASILANDIA;NORTE;18,6;ESF_MISTA;2,77191967092;12,4036932366;34795;10128,4844301426;12552,6725630009;3,43536096046604
2787008;UBS DOMINGOS MANTELLI;PIRITUBA;NORTE;17,9;ESF_MISTA;2,15272364997;8,3064070422;16645;4838,6749497614;7732,06537691541;3,43999135565426
2091526;UBS SANTA CRUZ;VILA MARIANA / JABAQUARA;SUDESTE;16,6;ESF_MISTA;5,02823513223;10,7777419809;68610;26269,0995617061;13644,9466255513;2,61181392376375
2788004;UBS JOSE MARCILIO MALTA CARDOSO;BUTANTA;OESTE;15,9;ESF_MISTA;2,57188789409;8,40417310503;33243;10542,0519492889;12925,5245053215;3,15337091487606
2091348;CS ESCOLA SAMUEL B PESSOA;BUTANTA;OESTE;14,9;ESF_MISTA;8,225858608;19,40056537;25611;8467,59252648596;3113,47437641248;3,02459051021773
2027674;UBS VILA NIVI;SANTANA / TUCURUVI / JAÇANA / TREMEMBE;NORTE;14,8;ESF_MISTA;2,93477139138;8,33148941364;42754;13808,2015443389;14568,0853117135;3,09627577948617
2788349;UBS PARQUE NOVO MUNDO I;VILA MARIA / VILA GUILHERME;NORTE;14;ESF_MISTA;2,96422824015;8,23090615812;30392;9009,23362191222;10252,9216840813;3,37342789358694
2788047;UBS LAUZANE PAULISTA;SANTANA / TUCURUVI / JAÇANA / TREMEMBE;NORTE;13,9;ESF_MISTA;3,4516067218;8,16930189832;63470;20779,0731528248;18388,5376045683;3,05451545086704
2788233;UBS PARQUE ANHANGUERA;PERUS;NORTE;12,9;ESF_MISTA;22,620841871;43,1960631342;20555;6116,17080208432;908,675287914531;3,36076291280078
2752336;UBS DR HUMBERTO PASCALE SANTA CECILIA;SANTA CECILIA;CENTRO;12,8;ESF_MISTA;4,58268191507;10,8184245437;93248;40998,7963418654;20347,9101818865;2,27440823438958
7672578;UBS SAO REMO;BUTANTA;OESTE;11,6;ESF_MISTA;1,72753841634;6,81728174052;20849;6758,06558336468;12068,6172896642;3,08505440540868
2788713;UBS VILA ARAPUA;IPIRANGA;SUDESTE;11,5;ESF_MISTA;2,08957745159;7,83648289885;21557;7082,387900795;10316,4398063335;3,04374743405119
2788055;UBS LUIZ ERNESTO MAZZONI;IPIRANGA;SUDESTE;10,3;ESF_MISTA;2,12035076476;6,2758960874;28017;9018,71446675164;13213,379816981;3,10654030608102
2787946;UBS JARDIM VISTA ALEGRE;FREGUESIA / BRASILANDIA;NORTE;6,3;ESF_MISTA;9,80258182128;17,9804785532;31248;8761,12176876524;3187,73161700778;3,56666655534956
2787512;UBS JARDIM JAQUELINE;BUTANTA;OESTE;5,6;ESF_MISTA;2,78047659564;8,0155447801;36765;11176,6102830019;13222,553305304;3,28945888503551
2042967;UBS JARDIM DA SAUDE  - NEUSA ROSALIA MORALES;IPIRANGA;SUDESTE;5,1;ESF_MISTA;2,82759580394;9,76228939498;33431;11047,8952450188;11823,1184080189;3,0260062444992
2788470;UBS REAL PARQUE - PAULO MANGABEIRA ALBERNAZ FILHO;BUTANTA;OESTE;3;ESF_MISTA;4,43261248583;13,6242906376;23798;7562,72554960968;5368,84288353121;3,14674912422655
3323331;UBS JARDIM DAS PEDRAS;SANTANA / TUCURUVI / JAÇANA / TREMEMBE;NORTE;2,1;ESF_MISTA;38,4731976922;37,7624549067;17185;4860,34726655468;446,674595064503;3,53575558648956
2027631;UBS JOAQUIM ANTONIO EIRADO;SANTANA / TUCURUVI / JAÇANA / TREMEMBE;NORTE;2;ESF_MISTA;8,82620802755;16,9318941014;59734;20401,7260971147;6767,79878896431;2,92788951854656
9460551;UBS URSI CONJUNTO AE CARVALHO;ITAQUERA;LESTE;0;TRADICIONAL;,16735781416;1,82382974886;5155;1420,7414701061;30802,2665441342;3,62838708411534
2787601;AMA/UBS INTEGRADA JARDIM MIRIAM - MANOEL SOARES DE OLIVEIRA;SANTO AMARO / CIDADE ADEMAR;SUL;0;TRADICIONAL;,896325365943;6,78265531793;25079;7506,07804784691;27979,7950084957;3,34115897012206
2789078;AMA/UBS INTEGRADA VILA MISSIONARIA;SANTO AMARO / CIDADE ADEMAR;SUL;0;TRADICIONAL;1,21420416161;6,8898253166;31998;9469,00244702603;26353,0640164926;3,37923663860175
4050142;AMA/UBS INTEGRADA JOSE BONIFACIO III - DRA. LUCY MAYUMI UDA*;ITAQUERA;LESTE;0;TRADICIONAL;1,16095819169;6,23930862868;28906;9118,1137683561;24898,3987596674;3,17017321063888
2027070;AMA/UBS INTEGRADA PADRE MANOEL DA NOBREGA;PENHA;SUDESTE;0;TRADICIONAL;1,24619501726;7,04532355849;29197;9692,25993086998;23428,917300757;3,01240373331375
7128940;UBS JARDIM MIRIAM II - CIDADE ADEMAR;SANTO AMARO / CIDADE ADEMAR;SUL;0;TRADICIONAL;1,21075180353;6,71667311947;27481;8443,57426690259;22697,4677385389;3,25466433187199
4049942;UBS JARDIM SAO PEDRO - FRANCISCO ANTONIO CESARONI;ITAQUERA;LESTE;0;TRADICIONAL;1,59414297887;5,51622275819;33362;10117,1060370788;20927,859321407;3,29758330867834
2787717;UBS JARDIM ROBRU - GUAIANAZES;GUAIANASES;LESTE;0;TRADICIONAL;1,25961030773;7,96914888898;26214;7567,04585932237;20811,198383444;3,46423168133773
2787555;AMA/UBS INTEGRADA JARDIM LADEIRA ROSA;FREGUESIA / BRASILANDIA;NORTE;0;TRADICIONAL;,872324267171;4,5997299961;17999;5244,0508707172;20633,3821921197;3,43227028946391
4049926;UBS PADRE JOSE DE ANCHIETA;PENHA;SUDESTE;0;TRADICIONAL;,809051956562;5,25313253234;16452;5314,60124302763;20334,9115796116;3,09562265307935
2751828;AMA/UBS INTEGRADA VILA JOANIZA;SANTO AMARO / CIDADE ADEMAR;SUL;0;TRADICIONAL;1,26235905476;8,59321790461;25189;7804,86142399;19953,9108188113;3,22734749941568
2788071;UBS MARIA CECILIA F DONNANGELO;FREGUESIA / BRASILANDIA;NORTE;0;TRADICIONAL;1,49591362989;7,90264768857;29388;9189,93823411839;19645,5192417499;3,19784521411631
2789051;AMA/UBS INTEGRADA VILA MEDEIROS;VILA MARIA / VILA GUILHERME;NORTE;0;TRADICIONAL;1,36462552408;6,06275214745;26630;8392,93785742394;19514,5111461647;3,1729056562053
2787377;AMA/UBS INTEGRADA JARDIM ETELVINA;GUAIANASES;LESTE;0;TRADICIONAL;1,55341038191;7,979214615;29821;8542,93805151896;19197,1164524686;3,49071944805894
2788845;UBS VILA EDE;VILA MARIA / VILA GUILHERME;NORTE;0;TRADICIONAL;1,19564694918;6,32359881938;22562;7021,15248755182;18870,1188218424;3,21343255825897
4049950;UBS JOSE BONIFACIO II;ITAQUERA;LESTE;0;TRADICIONAL;1,21193673808;5,249156058;22570;7210,28732897941;18623,0842673821;3,13024973488743
2057271;UBS JARDIM CAMARGO NOVO;ITAIM PAULISTA;LESTE;0;TRADICIONAL;1,6951159928;8,61223687531;31459;9177,75709503738;18558,6119968321;3,42774380213338
2787202;UBS JARDIM AURORA;GUAIANASES;LESTE;0;TRADICIONAL;1,12565123775;6,80531143651;20484;5722,84497417304;18197,4658873421;3,57933861435063
2027046;UBS JARDIM PARAGUAÇU;SAO MATEUS;LESTE;0;TRADICIONAL;,609646657286;4,58120863125;11028;3282,13642186557;18089,166680736;3,36000658794422
2789272;UBS VILA ZATT;PIRITUBA;NORTE;0;TRADICIONAL;1,08535922108;7,03873967088;19600;6051,21777680785;18058,5373204797;3,23901745448987
6592899;AMA/UBS INTEGRADA VILA SILVIA;PENHA;SUDESTE;0;TRADICIONAL;1,79526299694;5,91816245124;32280;9915,08961025049;17980,6524475917;3,25564379838061
2091798;AMA/UBS INTEGRADA SITIO DA CASA PINTADA;SAO MIGUEL;LESTE;0;TRADICIONAL;1,50613657655;6,92651592813;26953;8002,95753258563;17895,4554451757;3,36787992317284
4050029;UBS VILA REGINA;ITAQUERA;LESTE;0;TRADICIONAL;1,16011205956;5,92965955134;20743;5974,72082941529;17880,1692724988;3,47179401217814
2042932;AMA/UBS INTEGRADA JARDIM GRIMALDI;VILA PRUDENTE / SAPOPEMBA;SUDESTE;0;TRADICIONAL;2,14072739848;7,44105765526;38219;11564,816992252;17853,2773613011;3,30476479010479
5662699;UBS VILA MARIANA;VILA MARIANA / JABAQUARA;SUDESTE;0;TRADICIONAL;4,82952648011;11,112453711;82779;33838,6717327795;17140,1896937347;2,44628396332153
2788683;UBS VILA ANGLO - JOSE SERRA RIBEIRO;LAPA / PINHEIROS;OESTE;0;TRADICIONAL;4,03453236585;11,1112170833;68841;26963,9205173592;17062,9440434534;2,55307828680479
5731143;AMA/UBS INTEGRADA VILA IMPERIO;SANTO AMARO / CIDADE ADEMAR;SUL;0;TRADICIONAL;,58648277549;7,91825591696;9856;3027,81148135966;16805,2676257464;3,25515642591265
6408168;AMA/UBS INTEGRADA AGUIA DE HAIA;ITAQUERA;LESTE;0;TRADICIONAL;1,22263940751;6,41319446338;20543;5778,27934447475;16802,173947458;3,55521060428541
2064820;UBS PONTE RASA - DR CARLOS OLIVALDO S L MUNIZ;ERMELINO MATARAZZO;LESTE;0;TRADICIONAL;1,71712662665;7,54812987241;28691;8537,0517732031;16708,7269830381;3,36076209471495
2026961;UBS VILA HELOISA;VILA PRUDENTE / SAPOPEMBA;SUDESTE;0;TRADICIONAL;1,78825646209;8,35165086985;29811;9516,32346505604;16670,4276662637;3,13261735054153
2752204;AMA/UBS INTEGRADA CANGA?BA - CARLOS GENTILE DE MELLO;PENHA;SUDESTE;0;TRADICIONAL;1,436898738;14,6469072397;23832;7191,19022885868;16585,7199047801;3,31405500919177
2026996;AMA/UBS INTEGRADA JOSE BONIFACIO I;ITAQUERA;LESTE;0;TRADICIONAL;,879084575624;4,92425901007;14521;4212,5347890503;16518,3196277703;3,44709319380451
2788799;UBS VILA CONSTANCIA - VICENTE OCTAVIO GUIDA;SANTO AMARO / CIDADE ADEMAR;SUL;0;TRADICIONAL;1,35739136255;9,74179000308;22408;6965,31103320302;16508,1351025428;3,2170853380679
2075016;UBS VILA PROGRESSO;SAO MIGUEL;LESTE;0;TRADICIONAL;2,12732398165;7,10262939671;34984;10469,3136730862;16445,0738588796;3,3415753021074
2787598;UBS JANDIRA MASSUR - VILA GUMERCINDO;IPIRANGA;SUDESTE;0;TRADICIONAL;1,55010138486;5,86688530694;25456;9053,81683523906;16422,1516402936;2,81163187451736
2787520;UBS JARDIM JOAMAR;SANTANA / TUCURUVI / JAÇANA / TREMEMBE;NORTE;0;TRADICIONAL;2,93211444667;9,38921092627;47906;14415,2454041468;16338,3799886825;3,32328716278524
2063670;UBS VILA SABRINA - DR CARLOS A A PEDERNEIRAS LIMA;VILA MARIA / VILA GUILHERME;NORTE;0;TRADICIONAL;,902977612068;6,64706621825;14502;4487,24303030261;16060,1988423473;3,231828519665
2752220;UBS ENGENHEIRO GOULART - JOSE PIRES;PENHA;SUDESTE;0;TRADICIONAL;2,27401962986;8,33419112794;36419;10937,8700936697;16015,2531322881;3,32962447790246
2752212;UBS DOMINGOS MAZZONETO DE CILO - VILA AURORA;SANTANA / TUCURUVI / JAÇANA / TREMEMBE;NORTE;0;TRADICIONAL;1,61923634225;6,09588945529;25741;8512,49879051599;15896,999918018;3,02390645020458
2788306;UBS PARQUE EDU CHAVES;SANTANA / TUCURUVI / JAÇANA / TREMEMBE;NORTE;0;TRADICIONAL;1,8262028294;7,27129307438;28662;8348,68295350886;15694,8612380679;3,43311635614977
2774771;UBS CIDADE TIRADENTES I;CIDADE TIRADENTES;LESTE;0;TRADICIONAL;1,177894683;8,06205176575;18475;5446,06703952106;15684,7638983697;3,3923563308954
2091321;CS GERALDO DE PAULA SOUZA;LAPA / PINHEIROS;OESTE;0;TRADICIONAL;5,77265962971;12,1743905341;89475;40014,9803371556;15499,787920892;2,23603758507707
2788780;UBS VILA CHABIL?NDIA;GUAIANASES;LESTE;0;TRADICIONAL;1,24312649735;6,83431177656;19105;5520,64921788724;15368,5083864969;3,46064371163062
2788179;AMA/UBS INTEGRADA PARADA  XV DE NOVEMBRO;ITAQUERA;LESTE;0;TRADICIONAL;1,3704624966;5,40340173761;20472;6231,2276850517;14938,0227848549;3,28538789380317
2752190;UBS BURGO PAULISTA;ERMELINO MATARAZZO;LESTE;0;TRADICIONAL;,815170367215;4,64024639348;12157;3699,02450056431;14913,4469172793;3,28654216757563
2788578;UBS SIGMUND FREUD INDIANOPOLIS;VILA MARIANA / JABAQUARA;SUDESTE;0;TRADICIONAL;3,30225892347;7,7602008831;49053;20968,2697871352;14854,3773025694;2,33939187629567
4049969;UBS PREFEITO PRESTES MAIA;CIDADE TIRADENTES;LESTE;0;TRADICIONAL;1,61230207997;5,87994573004;23780;6665,27420353271;14749,0971421698;3,5677451930479
2789094;UBS VILA NOSSA SENHORA APARECIDA;ITAQUERA;LESTE;0;TRADICIONAL;1,49720427585;5,26341630302;21798;6690,37178926247;14559,1355512425;3,25811489803663
2788829;UBS VILA DAS MERCES;IPIRANGA;SUDESTE;0;TRADICIONAL;2,19534324563;7,81781140753;31641;10684,336666963;14412,7803535888;2,96143794287549
4049799;UBS COMENDADOR JOSE GONZALEZ;MOOCA / ARICANDUVA / FORMOSA / CARRAO;SUDESTE;0;TRADICIONAL;1,48192068404;9,4488282214;21249;6841,16975696071;14338,8240874479;3,10604776008952
2788691;AMA/UBS INTEGRADA VILA ANTONIETA;MOOCA / ARICANDUVA / FORMOSA / CARRAO;SUDESTE;0;TRADICIONAL;2,28799089081;8,64373725692;32724;9984,97660177467;14302,5044948562;3,27732365383649
4049934;AMA/UBS INTEGRADA JARDIM HELENA;SAO MIGUEL;LESTE;0;TRADICIONAL;3,14342031487;11,351088004;44459;12452,5971533503;14143,5110633109;3,57025923608543
2787938;UBS JARDIM VERA CRUZ PERDIZES;LAPA / PINHEIROS;OESTE;0;TRADICIONAL;2,47142441129;9,31029274376;34589;13626,1263471721;13995,5726915984;2,53843235551522
2788535;UBS SAO MATEUS I;SAO MATEUS;LESTE;0;TRADICIONAL;2,51539965199;10,0429941384;35174;10656,0533454067;13983,4638094877;3,30084683886853
2787474;AMA/UBS INTEGRADA JARDIM ICARAI - QUINTANA;CAPELA DO SOCORRO;SUL;0;TRADICIONAL;3,91419672102;18,1992808578;54699;16193,7249194808;13974,5147979548;3,37778987058117
2788993;UBS VILA IZOLINA MAZZEI;VILA MARIA / VILA GUILHERME;NORTE;0;TRADICIONAL;1,08657736772;6,20618570353;15107;4877,33816365539;13903,2897691395;3,09738621623026
4050037;UBS COLORADO;SAO MATEUS;LESTE;0;TRADICIONAL;1,75699379584;7,64428068838;24343;7226,03651792368;13854,9151725159;3,36879006072262
2786710;UBS ADELAIDE LOPES;CASA VERDE / CACHOEIRINHA;NORTE;0;TRADICIONAL;1,7353430525;7,98600482488;23854;7807,34141561847;13745,9852480667;3,05532943035902
2027666;UBS CHORA MENINO;SANTANA / TUCURUVI / JAÇANA / TREMEMBE;NORTE;0;TRADICIONAL;4,27683247958;9,23391185579;58642;20432,5111487748;13711,5494422542;2,87003391668362
2789213;UBS VILA PROGRESSO - JARDIM MONTE ALEGRE;FREGUESIA / BRASILANDIA;NORTE;0;TRADICIONAL;1,96974147412;8,26265394497;26988;8210,93399192154;13701,2904254642;3,28683679914521
2027720;UBS VILA MARIA - LUIZ PAULO GNECCO;VILA MARIA / VILA GUILHERME;NORTE;0;TRADICIONAL;1,5468585985;8,56958112979;21136;6773,2816150153;13663,8216450397;3,12049626773894
2027054;UBS JARDIM MARILIA;ITAQUERA;LESTE;0;TRADICIONAL;1,88103065024;7,59388684985;25379;7453,81391479484;13492,0714857899;3,40483412788533
2788373;UBS PARQUE PERUCHE;CASA VERDE / CACHOEIRINHA;NORTE;0;TRADICIONAL;1,91408957251;6,80577361748;25713;8124,26452324903;13433,5406081764;3,16496341624743
2787687;UBS JARDIM PENHA;ERMELINO MATARAZZO;LESTE;0;TRADICIONAL;,747435193929;4,39126347209;10015;3124,1764783315;13399,1549787142;3,20564477373846
4049985;UBS WAMBERTO DIAS DA COSTA;SANTANA / TUCURUVI / JAÇANA / TREMEMBE;NORTE;0;TRADICIONAL;2,93405356705;9,99569731558;39310;13380,8681565949;13397,8467337676;2,93777649850214
4050010;UBS GUAIANASES II;GUAIANASES;LESTE;0;TRADICIONAL;1,84216910537;8,39850529646;24358;7237,49235565866;13222,4560323997;3,36553032501038
2068109;UBS VILA LEONOR;VILA MARIA / VILA GUILHERME;NORTE;0;TRADICIONAL;1,16663173765;8,34248264906;15330;5005,08509496446;13140,3934123033;3,06288498779437
9618694;UBS NASCER DO SOL;CIDADE TIRADENTES;LESTE;0;TRADICIONAL;1,67816296793;7,53183428618;21934;6643,94468775622;13070,2443202256;3,30135198753551
2787911;UBS JARDIM UMUARAMA;SANTO AMARO / CIDADE ADEMAR;SUL;0;TRADICIONAL;3,07353605938;7,74382650505;40154;13015,7708630319;13064,4310736019;3,08502665132555
4049853;UBS PARQUE SAO RAFAEL;SAO MATEUS;LESTE;0;TRADICIONAL;2,11519514511;6,91031197193;26911;7842,23494693351;12722,7031804673;3,43154727983797
2787407;UBS JARDIM GUANABARA;FREGUESIA / BRASILANDIA;NORTE;0;TRADICIONAL;1,94900234104;9,27977663468;24277;8002,88597670307;12456,1163877544;3,03353066264744
2046261;UBS ITAIM PAULISTA JULIO DE GOUVEIA;ITAIM PAULISTA;LESTE;0;TRADICIONAL;2,18827206008;8,33668170022;27133;8072,6021718577;12399,2809189402;3,36112190621627
4050088;AMA/UBS INTEGRADA JARDIM BRASILIA;ITAQUERA;LESTE;0;TRADICIONAL;1,94059922624;8,42484635227;23921;7100,48832943086;12326,6049355013;3,36892321910448
2045451;UBS VILA ALPINA - DR HERMINIO MOREIRA;VILA PRUDENTE / SAPOPEMBA;SUDESTE;0;TRADICIONAL;2,05278230011;8,08575559973;24953;8322,37363593949;12155,6971719129;2,99830325957038
2789167;AMA/UBS INTEGRADA VILA PEREIRA BARRETO;PIRITUBA;NORTE;0;TRADICIONAL;1,74161641732;7,00055674355;21056;6864,66420757139;12089,9181878413;3,06730225446079
2788888;UBS VILA ESPERANÇA - EMILIO SANTIAGO DE OLIVEIRA;PENHA;SUDESTE;0;TRADICIONAL;2,9819971015;9,93961641256;35470;11902,1733902142;11894,713104234;2,98012798478998
2787083;UBS GUAIANAZES;GUAIANASES;LESTE;0;TRADICIONAL;,754267983248;5,35117676583;8963;2654,88861317236;11883,0444869261;3,37603617550266
2787296;UBS JARDIM COLONIAL;SAO MATEUS;LESTE;0;TRADICIONAL;1,70485755023;6,54063236899;20177;5961,23621771634;11835,0063894065;3,38470063307264
2788926;UBS VILA GRANADA - ALFREDO F PAULINO FILHO;PENHA;SUDESTE;0;TRADICIONAL;2,46304437248;7,98431324655;29123;9431,73959148108;11823,9851158981;3,08776548774782
2787504;UBS JARDIM JAPAO;VILA MARIA / VILA GUILHERME;NORTE;0;TRADICIONAL;2,52537042053;10,3684470094;29551;9656,49460622078;11701,6496905821;3,06022021500049
2786923;UBS CIDADE PATRIARCA;PENHA;SUDESTE;0;TRADICIONAL;1,68468232119;8,43318723901;19648;6248,27367894402;11662,732939538;3,14454856006252
2787482;UBS JARDIM IV CENTENARIO;SAO MATEUS;LESTE;0;TRADICIONAL;1,63678129846;5,49386273423;19082;5823,23840591241;11658,2465952866;3,27687081824193
2751836;AMB ESPEC VILA PARANAGUA/CEO;ERMELINO MATARAZZO;LESTE;0;TRADICIONAL;1,14711340002;4,57210755333;13317;4147,53636212559;11609,1399505644;3,21082175954092
6283616;AMA/UBS INTEGRADA PARQUE PAULISTANO;SAO MIGUEL;LESTE;0;TRADICIONAL;2,29733977645;9,68768103205;26604;7615,1945356489;11580,350574485;3,49354174413524
2752328;UBS PARQUE ARTHUR ALVIM;PENHA;SUDESTE;0;TRADICIONAL;1,70285064565;8,4651810699;19637;6314,51834811289;11531,8393014464;3,10981755336392
2752387;UBS VILA SANTO ESTEVAO;MOOCA / ARICANDUVA / FORMOSA / CARRAO;SUDESTE;0;TRADICIONAL;5,61793437703;13,2646382402;64741;23180,4075631792;11523,9865144573;2,79291896932984
2752379;AMA/UBS INTEGRADA V ORATORIO- TITO PEDRO MASCELANI;MOOCA / ARICANDUVA / FORMOSA / CARRAO;SUDESTE;0;TRADICIONAL;3,19079985708;9,50068664213;36645;11976,0673884335;11484,5811838336;3,0598525218213
2788276;UBS PARQUE BOA ESPERANÇA;SAO MATEUS;LESTE;0;TRADICIONAL;2,101143314;7,18404113952;24087;7153,09138034217;11463,7587257887;3,36735527609711
2786826;UBS BUTANTA;BUTANTA;OESTE;0;TRADICIONAL;2,76782869564;10,5469879619;31702;10760,0258500085;11453,7435246402;2,94627544969838
2788721;UBS VILA ARICANDUVA;PENHA;SUDESTE;0;TRADICIONAL;1,4637022051;5,50813916942;16757;5429,5143513351;11448,3669844954;3,08627971411099
2789043;UBS VILA MATILDE - DR RUBENS DO VAL;PENHA;SUDESTE;0;TRADICIONAL;1,80888271273;6,43904511164;20608;6715,44891370162;11392,667891053;3,06874495879988
2789140;AMA/UBS INTEGRADA VILA PALMEIRAS;FREGUESIA / BRASILANDIA;NORTE;0;TRADICIONAL;1,55201566341;7,74018553895;17479;5480,64627861789;11262,1286060968;3,18922242221548
2789248;UBS VILA ROMANA;LAPA / PINHEIROS;OESTE;0;TRADICIONAL;3,55869826392;13,4204555675;40048;15283,4118878543;11253,5531337479;2,62035730593808
2787962;UBS JACANA;SANTANA / TUCURUVI / JAÇANA / TREMEMBE;NORTE;0;TRADICIONAL;2,02702421669;6,97716518988;22603;7020,01004542714;11150,8287932096;3,219795962361
4049993;AMA/UBS INTEGRADA JARDIM POPULAR DR. MATHEUS SANTAMARIA;ERMELINO MATARAZZO;LESTE;0;TRADICIONAL;,959033817022;4,68293792956;10605;3295,39783124455;11058,0042244295;3,21812434888776
2030934;UBS CIDADE VARGAS;VILA MARIANA / JABAQUARA;SUDESTE;0;TRADICIONAL;3,20445728195;9,2129716804;35318;12524,2756844243;11021,5231137386;2,81996347652447
2788918;UBS VILA FORMOSA I - DR ANTONIO DA SILVEIRA E OLIVEIRA;MOOCA / ARICANDUVA / FORMOSA / CARRAO;SUDESTE;0;TRADICIONAL;3,52735587158;11,7867208155;38533;12807,5737239196;10924,0466238355;3,00861043868404
2788292;AMA/UBS INTEGRADA PARQUE DOROTEIA;SANTO AMARO / CIDADE ADEMAR;SUL;0;TRADICIONAL;1,85103472533;10,0019676303;20089;5805,68128180352;10852,8488013203;3,46023128464941
2788500;UBS RIO PEQUENO - PAULO DE BARROS FRANCA;BUTANTA;OESTE;0;TRADICIONAL;2,05838044725;10,136935159;22074;7424,51768924775;10723,9650617022;2,97312242005535
2788543;AMA/UBS INTEGRADA SAO VICENTE DE PAULA;IPIRANGA;SUDESTE;0;TRADICIONAL;3,22747259333;8,13281099292;34526;12319,1690029436;10697,5346812712;2,80262410490109
2042258;UBS MOOCA I;MOOCA / ARICANDUVA / FORMOSA / CARRAO;SUDESTE;0;TRADICIONAL;4,29217517761;9,79954229769;45830;15959,7956890692;10677,5697877083;2,87159064519784
2752360;UBS VILA NOVA MANCHESTER - DR ARLINDO GENNARI;MOOCA / ARICANDUVA / FORMOSA / CARRAO;SUDESTE;0;TRADICIONAL;4,16391789226;10,567761091;44316;14372,5786982178;10642,8611578475;3,08337153203379
2789191;UBS VILA PRAIA - VITORIO ROLANDO BOCCALETTI;CAMPO LIMPO;SUL;0;TRADICIONAL;2,66766663954;14,1636411132;27987;9527,25209441944;10491,1909101303;2,93757315568392
2788128;UBS MOINHO VELHO II;IPIRANGA;SUDESTE;0;TRADICIONAL;2,00487015308;8,46726847387;20943;7357,13618251317;10446,0630369633;2,84662394176941
2751879;AMB ESPEC FREGUESIA DO O;FREGUESIA / BRASILANDIA;NORTE;0;TRADICIONAL;2,09101350222;8,60419319491;21494;7176,40356616903;10279,2258286138;2,99509354536957
2788985;UBS VILA IPOJUCA - WANDA COELHO DE MORAES;LAPA / PINHEIROS;OESTE;0;TRADICIONAL;1,9509344001;7,66450259166;19910;7193,46078729862;10205,3662075872;2,7677915524548
2789035;UBS VILA MANGALOT;PIRITUBA;NORTE;0;TRADICIONAL;1,52948975622;6,0556764519;15144;5079,97244833025;9901,3412403801;2,98111853047111
2027380;UBS MENINOPËLIS - MARIO FRANCISCO NAPOLITANO;LAPA / PINHEIROS;OESTE;0;TRADICIONAL;2,3363700728;9,70203146393;23025;9306,09986308789;9855,03121618311;2,47418363640469
2042541;UBS DR JOSE TOLEDO PIZA;SANTANA / TUCURUVI / JAÇANA / TREMEMBE;NORTE;0;TRADICIONAL;1,97169222623;7,47604604492;19415;6088,94374404563;9846,8715054594;3,18856616453156
2752344;UBS VILA BERTIOGA - DOMINGOS DELASCIO CEO TIPO II;MOOCA / ARICANDUVA / FORMOSA / CARRAO;SUDESTE;0;TRADICIONAL;5,51672134123;12,6630076017;52084;18130,9970864364;9441,11489024157;2,87264951572704
4050312;AMB ESPEC SAO CARLOS/CEO;GUAIANASES;LESTE;0;TRADICIONAL;1,65225355056;7,59637978449;15309;4424,56412098476;9265,52707047372;3,46000184004402
2788101;UBS MILTON SANTOS;VILA MARIANA / JABAQUARA;SUDESTE;0;TRADICIONAL;4,77269950098;9,41858723063;44164;16150,4574032923;9253,46336825346;2,73453555507332
2787709;UBS JARDIM REPUBLICA;CAPELA DO SOCORRO;SUL;0;TRADICIONAL;4,16030682312;10,3117951331;38452;11325,9951942586;9242,5875385708;3,39502174780121
2752166;AMA/UBS INTEGRADA AGUA RASA;MOOCA / ARICANDUVA / FORMOSA / CARRAO;SUDESTE;0;TRADICIONAL;4,29775489842;11,7415921675;39693;13543,3882902973;9235,75237261494;2,93080277617358
2091712;UBS DR WALTER ELIAS - CASA VERDE;CASA VERDE / CACHOEIRINHA;NORTE;0;TRADICIONAL;1,0945430012;4,39617249529;10050;3253,53075657687;9181,91426831262;3,08895189623899
2752352;AMA/UBS INTEGRADA VILA CARRAO - DR ADHEMAR MONTEIRO PACHECO;MOOCA / ARICANDUVA / FORMOSA / CARRAO;SUDESTE;0;TRADICIONAL;3,34807476347;11,811236819;30496;9839,81931151014;9108,51822448357;3,09924390220532
2752271;AMA/UBS INTEGRADA VILA ITAPEMA;ITAQUERA;LESTE;0;TRADICIONAL;1,37363326288;6,37515723565;12165;3716,52081760847;8856,0755834454;3,27322261787518
2786885;UBS CHACARA INGLESA;PIRITUBA;NORTE;0;TRADICIONAL;2,47117828076;7,52102520621;21643;7579,48100563081;8758,17020912946;2,85547255596015
2789256;AMA/UBS INTEGRADA VILA SONIA;BUTANTA;OESTE;0;TRADICIONAL;5,56596891777;19,6235520167;48221;16261,5535989008;8663,54101368566;2,96533782622464
3738663;AMA/UBS INTEGRADA FAZENDA DO CARMO;CIDADE TIRADENTES;LESTE;0;TRADICIONAL;3,86260527435;10,5095862909;32703;9544,69575471043;8466,56535607389;3,42630093618863
2788764;UBS VILA BORGES;BUTANTA;OESTE;0;TRADICIONAL;3,38182668717;9,19999498583;28532;8593,20966629956;8436,86050152863;3,32029603698551
2027038;UBS SANTA BARBARA;SAO MATEUS;LESTE;0;TRADICIONAL;2,96684888337;9,393595143;24946;7489,8439083786;8408,24759893541;3,33064350941865
2027682;UBS CASA VERDE;CASA VERDE / CACHOEIRINHA;NORTE;0;TRADICIONAL;2,35777151588;7,59958954542;18955;6288,20615691637;8039,37102146446;3,01437318163488
2787873;AMA/UBS INTEGRADA JARDIM SANTO ANDRE;SAO MATEUS;LESTE;0;TRADICIONAL;4,42850727204;10,4970508831;35566;9745,60461346377;8031,14860498275;3,64944007176987
2788748;UBS VILA  ARRIETE - DECIO PACHECO PEDROSO;SANTO AMARO / CIDADE ADEMAR;SUL;0;TRADICIONAL;4,58602776275;11,8240199522;36296;12002,3229475011;7914,47454697378;3,02408126816459
2787032;UBS ENGENHEIRO TRINDADE;PENHA;SUDESTE;0;TRADICIONAL;3,10091178689;9,95133022736;24242;7534,49411650788;7817,70062034336;3,21746883402383
2789000;UBS VILA JACUI;SAO MIGUEL;LESTE;0;TRADICIONAL;2,9938873298;13,2509085389;22608;6978,55076649189;7551,38637816082;3,23964111697149
2787156;UBS JARDIM AEROPORTO - DR.MASSAKI UDIHARA;SANTO AMARO / CIDADE ADEMAR;SUL;0;TRADICIONAL;8,78059815139;12,9897385265;66168;24274,5207672893;7535,70529697061;2,72582106292964
2752301;UBS JOSE DE BARROS MAGALDI;LAPA / PINHEIROS;OESTE;0;TRADICIONAL;8,15514485361;13,3112748434;60396;25899,9011438464;7405,87703641644;2,33190079238389
2788241;AMA/UBS INTEGRADA ANHANGUERA;PIRITUBA;NORTE;0;TRADICIONAL;3,28170947593;10,1340275373;24120;6966,5658503904;7349,82794086751;3,46225105998938
3452689;UBS CAMPO GRANDE;SANTO AMARO / CIDADE ADEMAR;SUL;0;TRADICIONAL;7,93322706458;11,3792188082;57474;19435,7989086142;7244,71889335022;2,95712053156337
2787741;UBS JARDIM ROSELI;SAO MATEUS;LESTE;0;TRADICIONAL;3,97090821017;15,0510171777;28719;8089,56337598503;7232,35050521868;3,55012979875481
7407629;UBS JARDIM JULIETA;VILA MARIA / VILA GUILHERME;NORTE;0;TRADICIONAL;2,17639816278;8,68607098398;15351;4563,87264007883;7053,39687495029;3,3635907946228
2068079;UBS CARANDIRU;VILA MARIA / VILA GUILHERME;NORTE;0;TRADICIONAL;2,18025466473;8,88280920099;14238;4716,3120036048;6530,42978434045;3,01888424453631
2788195;AMA/UBS INTEGRADA PARI;MOOCA / ARICANDUVA / FORMOSA / CARRAO;SUDESTE;0;TRADICIONAL;3,04835436621;8,15617842606;19303;6074,72038022707;6332,26904784016;3,17759481783398
2787695;UBS JARDIM PERI;CASA VERDE / CACHOEIRINHA;NORTE;0;TRADICIONAL;7,08253338674;19,0301632411;44791;13325,4073207863;6324,14950332013;3,36132314170469
2752255;UBS ITAQUERA;ITAQUERA;LESTE;0;TRADICIONAL;3,02008864744;10,3984278263;18445;5460,7851606533;6107,43661966182;3,37771940432708
2789132;UBS VILA OLIMPIA - MAX PERLMAN;VILA MARIANA / JABAQUARA;SUDESTE;0;TRADICIONAL;5,80262199207;12,3413878233;35152;14206,4618309926;6057,95105178996;2,47436697597095
2751887;AMB ESPEC JARDIM CLIPER;CAPELA DO SOCORRO;SUL;0;TRADICIONAL;8,05566363217;15,0415709408;47736;14140,529328392;5925,76877333458;3,37582836479491
3503488;UBS ALTO DE PINHEIROS;LAPA / PINHEIROS;OESTE;0;TRADICIONAL;7,25201890802;16,2385707795;38231;13466,4201433926;5271,77334820796;2,8389876145932
2765993;UBS CHACARA SANTO ANTONIO - DR.MARCILIO DE ARRUDA PENTEADO *;SANTO AMARO / CIDADE ADEMAR;SUL;0;TRADICIONAL;7,83995385756;13,6688003432;39958;14428,9551830738;5096,7136702557;2,76929268218073
2788012;UBS CONJUNTO DO IPESP;SANTANA / TUCURUVI / JAÇANA / TREMEMBE;NORTE;0;TRADICIONAL;3,57812277274;9,83468374846;18177;5918,72322529524;5080,03809664717;3,07110153796612
2788950;AMA/UBS INTEGRADA VILA GUILHERME/ CEO VILA MARIA;VILA MARIA / VILA GUILHERME;NORTE;0;TRADICIONAL;3,80367828047;10,6176047265;17149;5536,68373425731;4508,53062101798;3,09734144536619
2788772;AMA/UBS INTEGRADA VILA CARMOSINA;ITAQUERA;LESTE;0;TRADICIONAL;6,20145414318;23,7058888191;26652;7947,73936039994;4297,70169780427;3,3534063953827
2788640;UBS SANTO AMARO - DR. SERGIO VILLACA BRAGA;SANTO AMARO / CIDADE ADEMAR;SUL;0;TRADICIONAL;8,09771174878;16,9607380217;31523;10902,2371302862;3892,82811959184;2,89142490878589
2788551;UBS SERGIO CHADDAD;CAPELA DO SOCORRO;SUL;0;TRADICIONAL;6,17666822001;14,1794443789;21996;6568,6672428874;3561,1431950872;3,34862449057949
2786877;UBS CAXINGUI - NANCI ABRANCHES;BUTANTA;OESTE;0;TRADICIONAL;9,40179670836;18,4029197949;32400;10917,8326261841;3446,14981636331;2,96762197309157
2027690;UBS DONA MARIQUINHA SCIASCIA;SANTANA / TUCURUVI / JAÇANA / TREMEMBE;NORTE;0;TRADICIONAL;8,02058859892;17,0113968496;25260;8033,8382284534;3149,39479671122;3,14420072718626
2789302;UBS VELEIROS;CAPELA DO SOCORRO;SUL;0;TRADICIONAL;12,3386580202;16,4568632339;37483;12334,5664642846;3037,85062675661;3,03885832619526
2774801;AMA/UBS INTEGRADA JARDIM IPANEMA;PIRITUBA;NORTE;0;TRADICIONAL;8,38115720335;25,3159578631;23541;6902,19789058616;2808,80067380081;3,41065271862277
2788675;UBS VILA ANASTACIO;LAPA / PINHEIROS;OESTE;0;TRADICIONAL;4,74853907387;11,9144661917;12879;4570,09062419896;2712,20259529291;2,81810604188126
2068044;UBS HORTO FLORESTAL;SANTANA / TUCURUVI / JAÇANA / TREMEMBE;NORTE;0;TRADICIONAL;8,15498195231;15,4166292436;20502;6770,97237501114;2514,04602976375;3,02792551268772
2787342;AMA/UBS INTEGRADA JARDIM DAS LARANJEIRAS;SAO MATEUS;LESTE;0;TRADICIONAL;6,0144267237;20,0896583224;14132;4014,04582886681;2349,68362725453;3,52063743228102
5357861;UBS ALDEIA JARAGUA - KWARAY DJEKUPE;PIRITUBA;NORTE;0;TRADICIONAL;,101934468567;1,46451324931;197;45,2535173822604;1932,61418604949;4,3532527722856
2788225;AMA/UBS INTEGRADA PERUS;PERUS;NORTE;0;TRADICIONAL;22,2561355032;43,4238256512;40211;11298,3868541781;1806,73774178893;3,55900364529739
